שם יישוב,סמל יישוב,תעתיק,סך הכל אוכלוסייה 2021,שם יישוב באנגלית,Latitude,Longitude,Alternate Names
אבו ג'ווייעד (שבט),967,ABU JUWEI'ID,,Abu Juway'ad,,,
אבו גוש,472,ABU GHOSH,7881.0,Abu Ghosh,31.80472222,35.11083333,
אבו סנאן,473,ABU SINAN,14455.0,Abu Sinan,32.95,35.16666667,
אבו סריחאן (שבט),935,ABU SUREIHAN,,Abu Surayhan,,,
אבו עבדון (שבט),958,ABU ABDUN,,Abu 'Abdun,,,
אבו עמאר (שבט),1042,ABU AMMAR,,Abu 'Ammar,,,
אבו עמרה (שבט),932,ABU AMRE,,Abu 'Amra,,,
אבו קורינאת (יישוב),1342,ABU QUREINAT,2081.0,Abu Qureinat,31.10194444,34.95305556,אבו קורינאת
אבו קורינאת (שבט),968,ABU QUREINAT,,Abu Kuraynat,,,
אבו רובייעה (שבט),966,ABU RUBEI'A,,Abu Rubay'a,,,
אבו רוקייק (שבט),961,ABU RUQAYYEQ,,Abu Rukayyek,,,
אבו תלול,1375,ABU TULUL,2330.0,Abu Tulul,31.14194444,34.91444444,
אבטין,652,IBTIN,2900.0,Ibtin,32.76,35.11333333,
אבטליון,1275,AVTALYON,475.0,Avtalyon,32.83638889,35.35055556,
אביאל,679,AVI'EL,820.0,Avi'el,32.5325,34.99166667,
אביבים,1115,AVIVIM,470.0,Avivim,33.08916667,35.47194444,
אביגדור,819,AVIGEDOR,806.0,Avigedor,31.70944444,34.74388889,
אביחיל,175,AVIHAYIL,1402.0,Avihayil,32.35027778,34.87222222,
אביטל,2052,AVITAL,489.0,Avital,32.55805556,35.30583333,
אביעזר,1070,AVI'EZER,890.0,Avi'ezer,31.68166667,35.01666667,
אבירים,1220,ABBIRIM,296.0,Abbirim,33.03944444,35.2875,
אבן יהודה,182,EVEN YEHUDA,14267.0,Even Yehuda,32.270025,34.88742778,
אבן מנחם,1081,EVEN MENAHEM,278.0,Even Menahem,33.07388889,35.295,
אבן ספיר,783,EVEN SAPPIR,686.0,Even Sappir,31.76305556,35.13472222,
אבן שמואל,400,EVEN SHEMU'EL,2279.0,Even Shemu'el,31.57527778,34.76277778,
אבני איתן,4011,AVNE ETAN,811.0,Avne Etan,32.82472222,35.76666667,
אבני חפץ,3793,AVNE HEFEZ,2223.0,Avne Hefez,32.28472222,35.07388889,
אבנת,3786,AVENAT,260.0,Avenat,31.67916667,35.43666667,
אבשלום,1311,AVSHALOM,345.0,Avshalom,31.19555556,34.33083333,
אדורה,3759,ADORA,474.0,Adora,31.55305556,35.01805556,
אדירים,113,ADDIRIM,278.0,Addirim,32.54916667,35.27166667,
אדמית,1068,ADAMIT,265.0,Adamit,33.07833333,35.21111111,
אדרת,1123,ADDERET,922.0,Adderet,31.660555555555558,34.995,
אודים,446,UDIM,1405.0,Udim,32.26638889,34.85138889,
אודם,4010,ODEM,176.0,Odem,33.19361111,35.74944444,
אוהד,1046,OHAD,412.0,Ohad,31.23722222,34.43138889,
אום אל פחם,2710,UMM AL-FAHM,57676.0,Umm al-Fahm,32.51944444,35.15361111,אום אל פאחם
אום אל קוטוף,2024,UMM AL-QUTUF,1169.0,Umm Al-Qutuf,32.46694444,35.05694444,
אום בטין,1358,UMM BATIN,4705.0,Umm Batin,31.275,34.88305556,
אומן,1108,OMEN,559.0,Omen,,,
אומץ,680,OMEZ,824.0,Omez,32.37055556,34.99444444,
אופקים,31,OFAQIM,33999.0,Ofaqim,31.31666667,34.61666667,
אור הגנוז,1294,OR HAGANUZ,600.0,Or HaGanuz,33.005,35.44555556,
אור הנר,67,OR HANER,808.0,Or HaNer,31.5575,34.60194444,
אור יהודה,2400,OR YEHUDA,36814.0,Or Yehuda,32.03055556,34.85333333,
אור עקיבא,1020,OR AQIVA,19904.0,Or Aqiva,32.5,34.91666667,
אורה,780,ORA,1298.0,Ora,31.75388889,35.15305556,
אורון,1771,,,,,,
אורות,2012,OROT,472.0,Orot,31.74027778,34.735,
אורטל,4013,ORTAL,369.0,Ortal,33.08361111,35.76583333,
אורים,403,URIM,504.0,Urim,31.30416667,34.5225,
אורנים,882,ORANIM,61.0,Oranim,32.77083333,35.13666667,
אורנית,3760,ORANIT,9113.0,Oranit,32.12930556,34.99521111,
אושה,278,USHA,589.0,Usha,32.79611111,35.11472222,
אזור,565,AZOR,13473.0,Azor,32.02223056,34.81124167,
"אזור אילון מ""א 4",1852,,,,,,
"אזור אילון מ""א 52",1851,,,,,,
"אזור אילון של""ש",1853,,,,,,
"אזור אשדוד מ""א 29",1922,,,,,,
"אזור אשדוד מ""א 33",1921,,,,,,
"אזור אשדוד של""ש",1923,,,,,,
"אזור אשקלון מ""א 36",1924,,,,,,
"אזור אשקלון מ""א 37",1926,,,,,,
"אזור באר שבע מ""א 41",1937,,,,,,
"אזור באר שבע מ""א 51",1938,,,,,,
"אזור באר שבע של""ש",1939,,,,,,
"אזור בשור מ""א 38",1933,,,,,,
"אזור בשור מ""א 39",1935,,,,,,
"אזור בשור מ""א 42",1934,,,,,,
"אזור גלילות מ""א 19",1907,,,,,,
"אזור גרר מ""א 39",1931,,,,,,
"אזור גרר מ""א 41",1929,,,,,,
"אזור גרר מ""א 42",1930,,,,,,
"אזור זכרון יעקב מ""א 15",1866,,,,,,
"אזור זכרון יעקב של""ש",1867,,,,,,
"אזור חדרה מ""א 14",1873,,,,,,
"אזור חדרה מ""א 15",1872,,,,,,
"אזור חדרה מ""א 45",1871,,,,,,
"אזור חדרה של""ש",1874,,,,,,
"אזור חולון של""ש",1909,,,,,,
"אזור חיפה מ""א 12",1860,,,,,,
"אזור חיפה של""ש",1862,,,,,,
"אזור חצור מ""א 1",1813,,,,,,
"אזור חצור מ""א 55",1814,,,,,,
"אזור חצור של""ש",1815,,,,,,
"אזור יחיעם מ""א 2",1848,,,,,,
"אזור יחיעם מ""א 4",1846,,,,,,
"אזור יחיעם מ""א 52",1847,,,,,,
"אזור יחיעם מ""א 56",1849,,,,,,
"אזור יחיעם של""ש",1850,,,,,,
"אזור ים המלח מ""א 51",1942,,,,,,
"אזור יקנעם מ""א 13",1836,,,,,,
"אזור יקנעם מ""א 9",1835,,,,,,
"אזור כינרות מ""א 3",1805,,,,,,
"אזור כנרות מ""א 1",1816,,,,,,
"אזור כנרות מ""א 6",1817,,,,,,
"אזור כנרות של""ש",1818,,,,,,
"אזור כרמיאל מ""א 2",1843,,,,,,
"אזור כרמיאל מ""א 56",1844,,,,,,
"אזור כרמיאל של""ש",1845,,,,,,
"אזור לכיש מ""א 34",1919,,,,,,
"אזור לכיש מ""א 35",1917,,,,,,
"אזור לכיש מ""א 41",1920,,,,,,
"אזור לכיש מ""א 50",1918,,,,,,
"אזור מודיעין מ""א 25",1887,,,,,,
"אזור מודיעין מ""א 30",1890,,,,,,
"אזור מודיעין של""ש",1895,,,,,,
"אזור מלאכי מ""א 33",1911,,,,,,
"אזור מלאכי מ""א 34",1915,,,,,,
"אזור מלאכי מ""א 35",1913,,,,,,
"אזור מלאכי מ""א 50",1914,,,,,,
"אזור נהרייה מ""א 4",1855,,,,,,
"אזור נהרייה של""ש",1856,,,,,,
"אזור עכו מ""א 4",1858,,,,,,
"אזור עכו מ""א 56",1857,,,,,,
"אזור עכו של""ש",1859,,,,,,
"אזור פתח תקווה מ""א 20",1888,,,,,,
"אזור פתח תקווה מ""א 25",1886,,,,,,
"אזור פתח תקווה של""ש",1889,,,,,,
"אזור ראשל""צ מ""א 27",1903,,,,,,
"אזור ראשל""צ של""ש",1904,,,,,,
"אזור רחובות מ""א 28",1896,,,,,,
"אזור רחובות מ""א 29",1899,,,,,,
"אזור רחובות מ""א 30",1898,,,,,,
"אזור רחובות מ""א 31",1901,,,,,,
"אזור רחובות מ""א 32",1897,,,,,,
"אזור רחובות של""ש",1902,,,,,,
"אזור רמלה מ""א 25",1892,,,,,,
"אזור רמלה מ""א 30",1891,,,,,,
"אזור רמלה מ""א 40",1893,,,,,,
"אזור רמלה של""ש",1894,,,,,,
"אזור רמת גן של""ש",1908,,,,,,
"אזור שפרעם מ""א 56",1841,,,,,,
"אזור שפרעם מ""א 9",1840,,,,,,
"אזור שפרעם של""ש",1842,,,,,,
"אזור תל אביב של""ש",1905,,,,,,
אזור תעסוקה משגב(תרדיון),1724,,,,,,
"אזור תעשיה אכסאל מ""א 9",1865,,,,,,
אזור תעשייה אכזיב (מילואות),1726,,,,,,
אזור תעשייה נעמן (מילואות),1727,,,,,,
אחווה,1157,AHAWA,279.0,Ahawa,,,
אחוזם,821,AHUZZAM,551.0,Ahuzzam,31.55388889,34.76972222,
אחוזת ברק,1330,AHUZZAT BARAQ,2426.0,Ahuzzat Baraq,32.64222222,35.33861111,
אחיהוד,785,AHIHUD,916.0,Ahihud,32.90777778,35.17222222,
אחיטוב,850,AHITUV,1091.0,Ahituv,32.38972222,34.98916667,
אחיסמך,804,AHISAMAKH,1418.0,Ahisamakh,31.93555556,34.90777778,
אחיעזר,797,AHI'EZER,1947.0,Ahi'ezer,31.98,34.87222222,
אטרש (שבט),965,ATRASH,,Atrash,,,
איבים,338,IBBIM,721.0,Ibbim,31.53361111,34.60972222,
אייל,716,EYAL,549.0,Eyal,32.21,34.97972222,
איילת השחר,77,AYYELET HASHAHAR,1138.0,Ayyelet HaShahar,33.022777777777776,35.57666666666667,
אילון,294,ELON,1067.0,Elon,33.06333333,35.21777778,
אילון תבור*,1716,,,,,,
אילות,1126,ELOT,362.0,Elot,29.58138889,34.96305556,
אילנייה,49,ILANIYYA,485.0,Ilaniyya,32.75833333,35.40194444,
אילת,2600,ELAT,52753.0,Elat,29.55694444,34.95166667,
אירוס,1336,IRUS,830.0,Irus,31.92833333,34.77638889,
איתמר,3762,ITAMAR,1355.0,Itamar,32.17416667,35.3075,
איתן,37,ETAN,520.0,Etan,31.572222222222223,34.748333333333335,
איתנים,886,ETANIM,60.0,Etanim,31.77694444,35.09638889,
אכסאל,478,IKSAL,15146.0,Iksal,32.68333333,35.31666667,
אל -עזי,1339,AL-AZY,196.0,Al-Azy,31.71805556,34.81416667,
אל -עריאן,1316,AL-ARYAN,191.0,Al-Aryan,32.49805556,35.12527778,
אל -רום,4003,EL-ROM,442.0,El-Rom,33.17944444,35.77138889,
אל סייד,1359,AL SAYYID,6288.0,Al Sayyid,,,
אלומה,1145,ALUMMA,1163.0,Alumma,31.65138889,34.74361111,
אלומות,330,ALUMMOT,436.0,Alummot,32.70666667,35.54611111,
אלון הגליל,1182,ALLON HAGALIL,1132.0,Allon HaGalil,32.75722222,35.22055556,
אלון מורה,3579,ELON MORE,2009.0,Elon More,32.23388889,35.33138889,
אלון שבות,3604,ALLON SHEVUT,3061.0,Allon Shevut,31.65472222,35.12777778,
אלוני אבא,429,ALLONE ABBA,1000.0,Allone Abba,32.72944444,35.17166667,
אלוני הבשן,4017,ALLONE HABASHAN,472.0,Allone HaBashan,33.04361111,35.83861111,
אלוני יצחק,868,ALLONE YIZHAQ,305.0,Allone Yizhaq,32.51,35.00527778,
אלונים,285,ALLONIM,548.0,Allonim,32.71972222,35.14388889,
אלי-עד,4002,ELI-AD,484.0,Eli-Ad,32.805,35.73416667,
אליאב,1365,ELIAV,691.0,Eliav,31.52944444,34.93194444,
אליכין,41,ELYAKHIN,3461.0,Elyakhin,32.40861111,34.92472222,
אליפז,1248,ELIFAZ,166.0,Elifaz,29.79583333333333,35.01305555555555,
אליפלט,730,ELIFELET,695.0,Elifelet,32.9475,35.54888889,
אליקים,682,ELYAQIM,968.0,Elyaqim,32.6325,35.06638889,
אלישיב,204,ELYASHIV,716.0,Elyashiv,32.38,34.90972222,
אלישמע,841,ELISHAMA,1167.0,Elishama,32.15277778,34.92861111,
אלמגור,1125,ALMAGOR,423.0,Almagor,32.9125,35.6021,
אלמוג,3556,ALMOG,256.0,Almog,31.78972222,35.46111111,
אלעד,1309,EL'AD,49593.0,El'ad,32.05222222,34.95111111,
אלעזר,3618,EL'AZAR,2561.0,El'azar,31.66138889,35.14083333,
אלפי מנשה,3750,ALFE MENASHE,7967.0,Alfe Menashe,32.17222222,35.01472222,
אלקוש,603,ELQOSH,279.0,Elqosh,33.03333333,35.32277778,
אלקנה,3560,ELQANA,4071.0,Elqana,32.10999722,35.0343,
אמונים,772,EMUNIM,1011.0,Emunim,31.74361111,34.67555556,
אמירים,1064,AMIRIM,871.0,Amirim,32.93833333,35.45166667,
אמנון,1253,AMNUN,455.0,Amnun,32.90444444,35.57083333,
אמציה,23,AMAZYA,219.0,Amazya,31.5325,34.91361111,
אניעם,4012,ANI'AM,502.0,Ani'am,32.95777778,35.74027778,
אסד (שבט),960,ASAD,,Asad,,,
אספר,3754,ASFAR,1114.0,Asfar,31.58583333,35.18722222,
אעבלין,529,I'BILLIN,13693.0,I'billin,32.8225,35.19222222,
אעצם (שבט),963,A'SAM,,A'sam,,,
אפיניש (שבט),959,AFEINISH,,Afaynish,,,
אפיק,4301,AFIQ,356.0,Afiq,32.77972222,35.70138889,
אפיקים,176,AFIQIM,1497.0,Afiqim,32.67972222,35.57777778,
אפק,313,AFEQ,762.0,Afeq,32.83916666666667,35.12777777777778,
אפרת,3650,EFRAT,11804.0,Efrat,31.6625,35.15583333,
ארבל,701,ARBEL,766.0,Arbel,32.81222222,35.4825,
ארגמן,3598,ARGAMAN,133.0,Argaman,32.1725,35.52194444,
ארז,714,EREZ,609.0,Erez,31.56,34.56611111,
אריאל,3570,ARI'EL,19647.0,Ari'el,32.10527778,35.19,
ארסוף,1324,ARSUF,174.0,Arsuf,32.19527778,34.80666667,
אשבול,71,ESHBOL,630.0,Eshbol,31.44638889,34.66722222,
אשבל,1276,ESHBAL,140.0,Eshbal,32.87666667,35.30611111,
אשדוד,70,ASHDOD,225974.0,Ashdod,31.8,34.65,
אשדות יעקב (איחוד),199,ASHDOT YA'AQOV(IHUD),1019.0,Ashdot Ya'aqov(Ihud),32.65805556,35.58027778,אשדות יעקב איחוד
אשדות יעקב (מאוחד),188,ASHDOT YA'AQOV(ME'UHAD),645.0,Ashdot Ya'aqov(Me'uhad),32.66222222,35.5825,אשדות יעקב מאוחד
אשחר,1188,ESHHAR,984.0,Eshhar,32.885,35.30138889,
אשכולות,3722,ESHKOLOT,609.0,Eshkolot,31.39083333,34.90472222,
אשל הנשיא,2021,ESHEL HANASI,140.0,Eshel HaNasi,31.32694444,34.6975,
אשלים,1152,ASHALIM,681.0,Ashalim,30.9625,34.70138889,
אשקלון,7100,ASHQELON,149160.0,Ashqelon,31.66666667,34.56666667,
אשרת,1256,ASHERAT,584.0,Asherat,32.97166667,35.15555556,
אשתאול,740,ESHTA'OL,1230.0,Eshta'ol,31.78111111,35.01,
באקה אל -גרביה,6000,BAQA AL-GHARBIYYE,30973.0,Baqa Al-Gharbiyye,32.42027778,35.04222222,בקה אל גרביה
באר אורה,21,BE'ER ORA,1220.0,Be'er Ora,29.71055556,34.98666667,
באר גנים,1376,BE'ER GANNIM,1966.0,Be'er Gannim,31.70027778,34.60777778,
באר טוביה,155,BE'ER TOVIYYA,1294.0,Be'er Toviyya,31.73611111,34.72388889,
באר יעקב,2530,BE'ER YA'AQOV,29852.0,Be'er Ya'aqov,31.9425,34.83361111,
באר מילכה,1278,BE'ER MILKA,197.0,Be'er Milka,30.93222222,34.40777778,
באר שבע,9000,BE'ER SHEVA,211249.0,Be'er Sheva,31.25888889,34.79972222,
בארות יצחק,450,BE'EROT YIZHAQ,469.0,Be'erot Yizhaq,32.04277778,34.90888889,
בארותיים,697,BE'EROTAYIM,1155.0,Be'erotayim,32.32138889,34.98416667,
בארי,399,BE'ERI,1047.0,Be'eri,31.42388889,34.48972222,
בוסתן הגליל,559,BUSTAN HAGALIL,1305.0,Bustan HaGalil,32.95111111,35.08277778,
בועיינה -נוג'ידאת,482,BU'EINE-NUJEIDAT,10137.0,Bu'eine-Nujeidat,32.8075,35.36722222,
בוקעאתא,4001,BUQ'ATA,6752.0,Buq'ata,33.2,35.78333333,
בורגתה,698,BURGETA,1147.0,Burgeta,32.32666667,34.96222222,
בחן,2043,BAHAN,1140.0,Bahan,32.35083333,35.01861111,
בטחה,762,BITHA,790.0,Bitha,31.33444444,34.6325,
"בי""ס אזורי מקיף (אשר)",1725,,,,,,
ביצרון,234,BIZZARON,1248.0,Bizzaron,31.79388889,34.72722222,
ביר אל -מכסור,998,BIR EL-MAKSUR,9960.0,Bir El-Maksur,32.77722222,35.22083333,
ביר הדאג',1348,BIR HADAGE,6167.0,Bir Hadage,31.02416667,34.70416667,
בירייה,368,BIRIYYA,849.0,Biriyya,32.97972222,35.49777778,
בית אורן,317,BET OREN,560.0,Bet Oren,32.73138889,35.00555556,
בית אל,3574,BET EL,5682.0,Bet El,31.94376475,35.22254903,
בית אלעזרי,562,BET EL'AZARI,1576.0,Bet El'azari,31.84361111,34.80416667,
בית אלפא,95,BET ALFA,1356.0,Bet Alfa,32.51611111,35.43027778,
בית אריה -עופרים,3652,BET ARYE-OFARIM,5409.0,Bet Arye-Ofarim,32.03305556,35.04972222,בית אריה
בית ברל,1076,BET BERL,226.0,Bet Berl,32.19978889,34.92603889,
בית ג'ן,480,BEIT JANN,12307.0,Beit Jann,32.96527778,35.37944444,
בית גוברין,619,BET GUVRIN,446.0,Bet Guvrin,31.61277778,34.89555556,
בית גמליאל,571,BET GAMLI'EL,1026.0,Bet Gamli'el,31.85777778,34.76083333,
בית דגן,466,BET DAGAN,7643.0,Bet Dagan,32.00268889,34.82924722,
בית הגדי,723,BET HAGADDI,887.0,Bet HaGaddi,31.42583333,34.60666667,
בית הלוי,373,BET HALEWI,840.0,Bet HaLewi,32.35361111,34.93138889,
בית הלל,322,BET HILLEL,797.0,Bet Hillel,33.2075,35.60583333,
בית העמק,572,BET HAEMEQ,730.0,Bet HaEmeq,32.97138889,35.14472222,
בית הערבה,3645,BET HAARAVA,451.0,Bet HaArava,31.80833333,35.47583333,
בית השיטה,242,BET HASHITTA,1258.0,Bet HaShitta,32.55416667,35.4375,
בית זיד,353,BET ZEID,76.0,Bet Zeid,32.7025,35.13166667,
בית זית,710,BET ZAYIT,1655.0,Bet Zayit,31.78277778,35.15944444,
בית זרע,143,BET ZERA,639.0,Bet Zera,32.68888889,35.57333333,
בית חולים פוריה,1712,,,,,,
בית חורון,3575,BET HORON,1468.0,Bet Horon,31.87666667,35.12861111,
בית חירות,877,BET HERUT,904.0,Bet Herut,32.37777778,34.86888889,
בית חלקיה,2033,BET HILQIYYA,1446.0,Bet Hilqiyya,31.79083333,34.81222222,
בית חנן,159,BET HANAN,523.0,Bet Hanan,31.93444444,34.77277778,
בית חנניה,800,BET HANANYA,924.0,Bet Hananya,32.52888889,34.92666667,
בית חשמונאי,1050,BET HASHMONAY,2166.0,Bet Hashmonay,31.89055556,34.91611111,
בית יהושע,288,BET YEHOSHUA,1118.0,Bet Yehoshua,32.26111111,34.86305556,
בית יוסף,265,BET YOSEF,488.0,Bet Yosef,32.55916667,35.55111111,
בית ינאי,200,BET YANNAY,363.0,Bet Yannay,32.37972222,34.86305556,
בית יצחק -שער חפר,326,BET YIZHAQ-SH. HEFER,2144.0,Bet Yizhaq-Sh. Hefer,32.32777778,34.88861111,בית יצחק
בית לחם הגלילית,430,BET LEHEM HAGELILIT,823.0,Bet Lehem HaGelilit,32.735,35.19083333,
בית מאיר,751,BET ME'IR,818.0,Bet Me'ir,31.79388889,35.03722222,
בית נחמיה,784,BET NEHEMYA,893.0,Bet Nehemya,31.97722222,34.95472222,
בית ניר,16,BET NIR,616.0,Bet Nir,31.64777778,34.87388889,
בית נקופה,672,BET NEQOFA,758.0,Bet Neqofa,31.80277778,35.12527778,
בית עובד,202,BET OVED,253.0,Bet Oved,31.92166667,34.77361111,
בית עוזיאל,301,BET UZZI'EL,649.0,Bet Uzzi'el,31.86972222,34.90416667,
בית עזרא,756,BET EZRA,1104.0,Bet Ezra,31.73666667,34.65583333,
בית עריף,604,BET ARIF,1202.0,Bet Arif,31.99472222,34.93333333,
בית צבי,212,BET ZEVI,310.0,Bet Zevi,32.71916667,34.96916667,
בית קמה,598,BET QAMA,1420.0,Bet Qama,31.44555556,34.76055556,
בית קשת,365,BET QESHET,714.0,Bet Qeshet,32.71833333,35.39444444,
בית רבן,848,BET RABBAN,922.0,Bet Rabban,31.8175,34.72888889,
בית רימון,1162,BET RIMMON,908.0,Bet Rimmon,32.78194444,35.32972222,
בית שאן,9200,BET SHE'AN,18900.0,Bet She'an,32.5,35.5,
בית שמש,2610,BET SHEMESH,141765.0,Bet Shemesh,31.74555556,34.98666667,
בית שערים,248,BET SHE'ARIM,814.0,Bet She'arim,32.70222222,35.12694444,
בית שקמה,747,BET SHIQMA,878.0,Bet Shiqma,31.63666667,34.60722222,
ביתן אהרן,252,BITAN AHARON,142.0,Bitan Aharon,32.36555556,34.86972222,
ביתר עילית,3780,BETAR ILLIT,63220.0,Betar Illit,31.69777778,35.11555556,
בלפוריה,94,BALFURYA,530.0,Balfurya,32.63027778,35.29638889,
בן זכאי,760,BEN ZAKKAY,1085.0,Ben Zakkay,31.85583333,34.73,
בן עמי,712,BEN AMMI,785.0,Ben Ammi,33.00555556,35.12361111,
בן שמן (כפר נוער),1084,BEN SHEMEN(K.NO'AR),667.0,Ben Shemen(K.No'ar),31.959466,34.927405,כפר נוער בן שמן
בן שמן (מושב),2013,BEN SHEMEN (MOSHAV),876.0,Ben Shemen (Moshav),,,בן שמן
בני ברק,6100,BENE BERAQ,212395.0,Bene Beraq,32.08333333,34.83333333,
בני דקלים,1368,BNE DEQALIM,1569.0,Bne Dkalim,31.51777778,34.91722222,
בני דרום,592,BENE DAROM,949.0,Bene Darom,31.82027778,34.69194444,
בני דרור,386,BENE DEROR,1201.0,Bene Deror,32.26166667,34.90138889,
בני יהודה,4015,BENE YEHUDA,1129.0,Bene Yehuda,32.79833333,35.68944444,
בני נצרים,1363,BNE NETSARIM,902.0,Bne Netsarim,31.14361111,34.31638889,
בני עטרות,448,BENE ATAROT,961.0,Bene Atarot,32.02333333,34.91361111,
"בני עי""ש",1066,BENE AYISH,6895.0,Bene Ayish,31.78859444,34.76091389,
בני ציון,418,BENE ZIYYON,1334.0,Bene Ziyyon,32.21805556,34.86833333,
בני ראם,588,BENE RE'EM,1415.0,Bene Re'em,31.77,34.79055556,
בניה,685,BENAYA,764.0,Benaya,31.84333333,34.75222222,
בנימינה -גבעת עדה*,9800,BINYAMINA-GIV'AT ADA,16074.0,Binyamina-Giv'at Ada,32.52222222,34.945,בנימינה
"בסמ""ה",1326,BASMA,10497.0,Basma,32.50222222,35.10388889,
בסמת טבעון,944,BASMAT TAB'UN,8069.0,Basmat Tab'un,32.74027778,35.15694444,
בענה,483,BI'NE,8537.0,Bi'ne,32.92944444,35.27277778,
בצרה,389,BAZRA,1205.0,Bazra,32.21277778,34.87777778,
בצת,589,BEZET,369.0,Bezet,33.07083333,35.13583333,
בקוע,864,BEQOA,826.0,Beqoa,31.82888889,34.92611111,
בקעות,3612,BEQA'OT,186.0,Beqa'ot,32.24222222,35.45277778,
"בקעת נטופה מ""א 56",1854,,,,,,
"בקעת תירען מ""א 3",1884,,,,,,
בר-לב,1728,,,,,,
בר גיורא,823,BAR GIYYORA,716.0,Bar Giyyora,31.72944444,35.07222222,
בר יוחאי,1191,BAR YOHAY,1086.0,Bar Yohay,32.99777778,35.44888889,
ברוכין,3744,BRUKHIN,2129.0,Brukhin,32.08166667,35.09111111,
ברור חיל,428,BEROR HAYIL,1014.0,Beror Hayil,31.55777778,34.64694444,
ברוש,2060,BEROSH,595.0,Berosh,31.37111111,34.63527778,
ברכה,3710,BERAKHA,3062.0,Berakha,32.1925,35.26555556,
ברכיה,746,BEREKHYA,1252.0,Berekhya,31.66694444,34.625,
ברעם,667,BAR'AM,646.0,Bar'am,33.05833333,35.43333333,
ברק,141,BARAQ,395.0,Baraq,32.54277778,35.265,
ברקאי,617,BARQAY,546.0,Barqay,32.47527778,35.02916667,
ברקן,3654,BARQAN,2005.0,Barqan,32.10583333,35.10888889,
ברקת,2038,BAREQET,2192.0,Bareqet,32.015,34.94416667,
בת הדר,1323,BAT HADAR,771.0,Bat Hadar,31.6475,34.59638889,
בת חן,1361,BAT HEN,430.0,Bat Hen,32.36027778,34.87166667,
בת חפר,1319,BAT HEFER,5241.0,Bat Hefer,32.33277778,35.01388889,
בת ים,6200,BAT YAM,126291.0,Bat Yam,32.01666667,34.75,
בת עין,3794,BAT AYIN,1673.0,Bat Ayin,31.65722222,35.10222222,
בת שלמה,33,BAT SHELOMO,648.0,Bat Shelomo,32.59694444,35.00333333,
בתי זיקוק - קישון,1736,,,,,,
ג'דיידה -מכר,1292,JUDEIDE-MAKER,21508.0,Judeide-Maker,32.93333333,35.14138889,
ג'ולס,485,JULIS,6657.0,Julis,32.94416667,35.18583333,ג'וליס
ג'לג'וליה,627,JALJULYE,10480.0,Jaljulye,32.15361111,34.95166667,
ג'נאביב (שבט),976,JUNNABIB,,Janabib,,,
ג'סר א -זרקא,541,JISR AZ-ZARQA,15315.0,Jisr Az-Zarqa,32.53805556,34.91222222,
ג'ש (גוש חלב),487,JISH(GUSH HALAV),3153.0,Jish(Gush Halav),33.02277778,35.44611111,גוש חלב
ג'ת,628,JATT,12473.0,Jatt,32.39944444,35.03666667,
גאולי תימן,872,GE'ULE TEMAN,358.0,Ge'ule Teman,32.39222222,34.90166667,
גאולים,379,GE'ULIM,986.0,Ge'ulim,32.29861111,34.945,
"גאון הירדן מ""א 3",1963,,,,,,
גאליה,853,GE'ALYA,942.0,Ge'alya,31.885,34.76611111,
גבולות,352,GEVULOT,400.0,Gevulot,31.21027778,34.46611111,
גבים,424,GEVIM,617.0,Gevim,31.5075,34.59861111,
גבע,86,GEVA,605.0,Geva,32.56638889,35.37166667,
גבע בנימין,3763,GEVA BINYAMIN,5857.0,Geva Binyamin,31.85,35.27388889,אדם
גבע כרמל,683,GEVA KARMEL,1192.0,Geva Karmel,32.66194444,34.95444444,
גבעולים,2014,GIV'OLIM,422.0,Giv'olim,31.39666667,34.59138889,
גבעון החדשה,3644,GIV'ON HAHADASHA,1021.0,Giv'on HaHadasha,31.84861111,35.1575,
גבעות בר,1344,GEVA'OT BAR,1307.0,Geva'ot Bar,31.35666667,34.75611111,
גבעת אבני,1293,GIV'AT AVNI,2098.0,Giv'at Avni,32.77527778,35.43861111,
גבעת אלה,1288,GIV'AT ELA,1886.0,Giv'at Ela,32.72166667,35.24361111,
גבעת ברנר,147,GIV'AT BRENNER,2694.0,Giv'at Brenner,31.8675,34.80333333,
גבעת השלושה,870,GIV'AT HASHELOSHA,900.0,Giv'at HaShelosha,32.09777778,34.92138889,
גבעת זאב,3730,GIV'AT ZE'EV,20034.0,Giv'at Ze'ev,31.86416667,35.16972222,
"גבעת ח""ן",207,GIV'AT HEN,363.0,Giv'at Hen,32.1675,34.87611111,
גבעת חביבה,1740,,,,,,
גבעת חיים (איחוד),2018,GIV'AT HAYYIM (IHUD),1207.0,Giv'at Hayyim (Ihud),32.39944444,34.93222222,
גבעת חיים (מאוחד),173,GIV'AT HAYYIM(ME'UHAD),1062.0,Giv'at Hayyim(Me'uhad),32.39138889,34.93083333,
גבעת יואב,4021,GIV'AT YO'AV,728.0,Giv'at Yo'av,32.79805556,35.68083333,
גבעת יערים,787,GIV'AT YE'ARIM,1398.0,Giv'at Ye'arim,31.78722222,35.08888889,
גבעת ישעיהו,919,GIV'AT YESHA'YAHU,807.0,Giv'at Yesha'yahu,31.66972222,34.95055556,
"גבעת כ""ח",802,GIV'AT KOAH,887.0,Giv'at Koah,32.03,34.93611111,
"גבעת ניל""י",360,GIV'AT NILI,715.0,Giv'at Nili,32.54694444,35.04111111,
גבעת עוז,703,GIV'AT OZ,475.0,Giv'at Oz,32.55555556,35.20027778,
גבעת שמואל,681,GIV'AT SHEMU'EL,28162.0,Giv'at Shemu'el,32.07805556,34.8475,
גבעת שמש,566,GIV'AT SHEMESH,56.0,Giv'at Shemesh,31.77416667,34.95055556,
גבעת שפירא,1077,GIV'AT SHAPPIRA,418.0,Giv'at Shappira,32.35777778,34.875,
גבעתי,793,GIV'ATI,1071.0,Giv'ati,31.73222222,34.68,
גבעתיים,6300,GIV'ATAYIM,61280.0,Giv'atayim,32.07138889,34.81,
גברעם,342,GEVAR'AM,669.0,Gevar'am,31.59222222,34.61277778,
גבת,133,GEVAT,959.0,Gevat,32.67527778,35.21166667,
גדות,35,GADOT,447.0,Gadot,33.01916667,35.61944444,
גדיש,145,GADISH,414.0,Gadish,32.55972222,35.24472222,
גדעונה,442,GID'ONA,505.0,Gid'ona,32.54916667,35.35777778,
גדרה,2550,GEDERA,30393.0,Gedera,31.81194444,34.77722222,
"גולן דרומי מ""א 71",1966,,,,,,
"גולן צפוני מ""א 71",1962,,,,,,
"גולן תיכון מ""א 71",1964,,,,,,
גונן,852,GONEN,369.0,Gonen,33.1225,35.64638889,
גורן,755,GOREN,686.0,Goren,33.05666667,35.23916667,
גורנות הגליל,1219,GORNOT HAGALIL,244.0,Gornot HaGalil,33.06027778,35.24888889,
גזית,457,GAZIT,804.0,Gazit,32.6375,35.44722222,
גזר,370,GEZER,311.0,Gezer,31.859,34.919,
גיאה,706,GE'A,980.0,Ge'a,31.62694444,34.60388889,
גיבתון,196,GIBBETON,390.0,Gibbeton,31.8875,34.80027778,
גיזו,1043,GIZO,207.0,Gizo,31.805,34.93888889,
גילון,1204,GILON,1127.0,Gilon,32.90277778,35.23611111,
גילת,736,GILAT,1558.0,Gilat,31.32861111,34.65,
גינוסר,262,GINNOSAR,597.0,Ginnosar,32.8475,35.52277778,
גיניגר,92,GINNEGAR,667.0,Ginnegar,32.66388889,35.25833333,
גינתון,863,GINNATON,920.0,Ginnaton,31.9625,34.91416667,
גיתה,1206,GITTA,300.0,Gitta,32.96722222,35.24888889,
גיתית,3613,GITTIT,498.0,Gittit,32.10277778,35.39416667,
גלאון,393,GAL'ON,603.0,Gal'on,31.63305556,34.84805556,
גלגל,3606,GILGAL,223.0,Gilgal,31.999722222222225,35.44444444444444,
גליל ים,346,GELIL YAM,542.0,Gelil Yam,32.15666667,34.83083333,
"גליל עליון מז מ""א 1",1809,,,,,,
"גליל עליון מז מ""א 2",1811,,,,,,
"גליל עליון מז מ""א 55",1810,,,,,,
"גליל עליון מז של""ש",1812,,,,,,
"גליל תחתון מז מ""א 2",1820,,,,,,
"גליל תחתון מז מ""א 3",1819,,,,,,
"גליל תחתון מז מ""א 6",1821,,,,,,
"גליל תחתון מז של""ש",1822,,,,,,
גלעד (אבן יצחק),369,GAL'ED (EVEN YIZHAQ),497.0,Gal'ed (Even Yizhaq),32.55722222,35.07666667,גלעד
"גמ""ל מחוז דרום",1997,,,,,,
גמזו,745,GIMZO,1198.0,Gimzo,31.92527778,34.94166667,
גן הדרום,1072,GAN HADAROM,633.0,Gan HaDarom,31.80416667,34.70111111,
גן השומרון,225,GAN HASHOMERON,839.0,Gan Hashomeron,32.46333333,34.9975,
גן חיים,239,GAN HAYYIM,811.0,Gan Hayyim,32.19611111,34.90777778,
גן יאשיה,734,GAN YOSHIYYA,1019.0,Gan Yoshiyya,32.34972222,34.99055556,
גן יבנה,166,GAN YAVNE,24251.0,Gan Yavne,31.78222222,34.70527778,
גן נר,1274,GAN NER,2672.0,Gan Ner,32.53138889,35.33861111,
גן שורק,311,GAN SOREQ,702.0,Gan Soreq,31.94416667,34.76,
גן שלמה,144,GAN SHELOMO,590.0,Gan Shelomo,31.87777778,34.79888889,
גן שמואל,72,GAN SHEMU'EL,948.0,Gan Shemu'el,32.45361111,34.94972222,
גנות,836,GANNOT,585.0,Gannot,32.01638889,34.83277778,
גנות הדר,549,GANNOT HADAR,963.0,Gannot Hadar,32.32,34.90027778,
גני הדר,1103,GANNE HADAR,354.0,Ganne Hadar,31.87888889,34.85361111,
גני טל,1371,GANNE TAL,909.0,Ganne Tal,31.78861111,34.79222222,
גני יוחנן,862,GANNE YOHANAN,602.0,Ganne Yohanan,31.85861111,34.83861111,
גני מודיעין,3823,GANNE MODI'IN,2688.0,Ganne Modi'in,31.92944444,35.01666667,
גני עם,218,GANNE AM,234.0,Ganne Am,32.15083333,34.90111111,
גני תקווה,229,GANNE TIQWA,22694.0,Ganne Tiqwa,32.06111111,34.87444444,
געש,842,GA'ASH,921.0,Ga'ash,32.22916667,34.82583333,
געתון,463,GA'TON,699.0,Ga'ton,33.00611111,35.21444444,
גפן,39,GEFEN,422.0,Gefen,31.74083333,34.87833333,
גרופית,1129,GEROFIT,253.0,Gerofit,29.94111111,35.06416667,
גשור,4022,GESHUR,309.0,Geshur,32.81888889,35.71694444,
גשר,305,GESHER,455.0,Gesher,32.620555555555555,35.551111111111105,
גשר הזיו,574,GESHER HAZIW,1593.0,Gesher HaZiw,33.03916667,35.11194444,
גת (קיבוץ),340,GAT(QIBBUZ),966.0,Gat(Qibbuz),31.62777778,34.79472222,קיבוץ גת
גת רימון,128,GAT RIMMON,318.0,Gat Rimmon,32.06777778,34.88027778,
דאלית אל -כרמל,494,DALIYAT AL-KARMEL,18061.0,Daliyat Al-Karmel,32.69305556,35.04944444,דלית אל כרמל
דבורה,146,DEVORA,219.0,Devora,32.55277778,35.26416667,
דבורייה,489,DABURIYYA,10782.0,Daburiyya,32.69194444,35.37166667,
דבירה,849,DEVIRA,1045.0,Devira,31.41222222,34.82583333,
דברת,407,DAVERAT,554.0,Daverat,32.64722222,35.34944444,
דגניה א',62,DEGANYA ALEF,524.0,Deganya Alef,32.70805556,35.57472222,
דגניה ב',79,DEGANYA BET,689.0,Deganya Bet,32.7,35.576,
"דוב""ב",1067,DOVEV,478.0,Dovev,33.05222222,35.4075,
דולב,3747,DOLEV,1569.0,Dolev,31.92583333,35.13527778,
דור,738,DOR,450.0,Dor,32.60777777777778,34.920833333333334,
דורות,336,DOROT,870.0,Dorot,31.50638889,34.64527778,
דחי,475,DAHI,712.0,Dahi,32.62111111,35.34444444,
דייר אל -אסד,490,DEIR AL-ASAD,12934.0,Deir Al-Asad,32.91972222,35.27194444,
דייר חנא,492,DEIR HANNA,10599.0,Deir Hanna,32.8625,35.37111111,
דייר ראפאת,493,DEIR RAFAT,99.0,Deir Rafat,31.77611111,34.94638889,
דימונה,2200,DIMONA,35893.0,Dimona,31.06666667,35.03333333,
דישון,2063,DISHON,336.0,Dishon,33.08166667,35.51694444,
דלייה,300,DALIYYA,843.0,Daliyya,32.59027778,35.0775,
דלתון,431,DALTON,870.0,Dalton,33.01694444,35.48916667,
דמיידה,1317,DEMEIDE,548.0,Demeide,32.81416667,35.22833333,
דן,303,DAN,781.0,Dan,33.24,35.65361111111111,
דפנה,302,DAFNA,1025.0,Dafna,33.23,35.63861111,
דקל,1241,DEQEL,380.0,Deqel,31.19472222,34.34861111,
"דרום השרון מ""א 18",1881,,,,,,
"דרום השרון מ""א 20",1882,,,,,,
"דרום השרון של""ש",1885,,,,,,
דרום יהודה,1998,,,,,,
דריג'את,1349,DERIG'AT,1308.0,Derig'at,31.30111111,35.07611111,
האון,702,HAON,183.0,HaOn,32.72472222,35.62194444,
הבונים,675,HABONIM,386.0,HaBonim,32.63722222,34.93277778,
הגושרים,356,HAGOSHERIM,1009.0,HaGosherim,33.22083333,35.62361111,
הדר עם,191,HADAR AM,696.0,Hadar Am,32.34972222,34.89833333,
הוד השרון,9700,HOD HASHARON,65363.0,Hod HaSharon,32.15,34.88333333,
הודיות,1322,HODAYOT,303.0,Hodayot,32.78861111,35.435,
הודייה,726,HODIYYA,616.0,Hodiyya,31.67305556,34.64027778,
הוואשלה (שבט),1169,HAWASHLA,,Al-Hawashila,,,
הוזייל (שבט),956,HUZAYYEL,,Al-Huzayyil,,,
הושעיה,1186,HOSHA'AYA,2092.0,Hosha'aya,32.75833333,35.29333333,
הזורע,250,HAZOREA,932.0,HaZorea,32.64472222,35.12083333,
הזורעים,307,HAZORE'IM,1108.0,HaZore'im,32.74638889,35.50111111,
החותרים,434,HAHOTERIM,914.0,HaHoterim,32.75138889,34.95611111,
היוגב,684,HAYOGEV,790.0,HaYogev,32.61166667,35.20472222,
הילה,1208,HILLA,562.0,Hilla,33.03644, 35.244264,מצפה הילה
המעפיל,377,HAMA'PIL,870.0,HaMa'pil,32.37805556,34.98277778,
המרכז למחקר-נחל שורק,1751,,,,,,
הסוללים,677,HASOLELIM,989.0,HaSolelim,32.75027778,35.23777778,
העוגן,423,HAOGEN,952.0,HaOgen,32.36361111,34.92361111,
"הערבה מ""א 51",1944,,,,,,
"הערבה מ""א 53",1945,,,,,,
"הערבה מ""א 54",1946,,,,,,
הר אדר,3769,HAR ADAR,4107.0,Har Adar,31.82611111,35.12972222,
"הר אלכסנדר מ""א 14",1869,,,,,,
"הר אלכסנדר מ""א 45",1868,,,,,,
"הר אלכסנדר של""ש",1870,,,,,,
הר גילה,3603,HAR GILLO,1647.0,Har Gillo,31.72194444,35.17138889,
"הר הנגב הדרומי מ""א 48",1953,,,,,,
"הר הנגב הדרומי מ""א 53",1951,,,,,,
"הר הנגב הדרומי מ""א 54",1952,,,,,,
"הר הנגב הצפוני מ""א 48",1948,,,,,,
"הר הנגב הצפוני מ""א 51",1949,,,,,,
"הר הנגב הצפוני מ""א 53",1947,,,,,,
"הר הנגב הצפוני מ""א 54",1950,,,,,,
הר עמשא,1261,HAR AMASA,240.0,Har Amasa,31.34333333,35.10166667,
הראל,464,HAR'EL,269.0,Har'el,31.809166666666663,34.94944444444444,
הרדוף,1249,HARDUF,1117.0,Harduf,32.76361111,35.17388889,
"הרי יהודה מ""א 26",1801,,,,,,
"הרי יהודה של""ש",1802,,,,,,
הרי נצרת-תירען,1823,,,,,,
"הרי נצרת-תירען מ""א 9",1839,,,,,,
הרצליה,6400,HERZLIYYA,103320.0,Herzliyya,32.16527778,34.84583333,
הררית,1203,HARARIT,640.0,Hararit,32.84611111,35.36805556,
השומרון,1999,,,,,,
ורד יריחו,3639,WERED YERIHO,364.0,Wered Yeriho,31.82638889,35.43166667,
ורדון,1133,WARDON,264.0,Wardon,31.66305556,34.78027778,
זבארגה (שבט),2742,ZABARGA,,Az-Zabarika,,,
זבדיאל,815,ZAVDI'EL,616.0,Zavdi'el,31.65861111,34.76027778,
זוהר,44,ZOHAR,343.0,Zohar,31.59527778,34.69277778,
זיקים,584,ZIQIM,894.0,Ziqim,31.60777778,34.52166667,
זיתן,788,ZETAN,1031.0,Zetan,31.97555556,34.89055556,
זכרון יעקב,9300,ZIKHRON YA'AQOV,23858.0,Zikhron Ya'aqov,32.57083333,34.95166667,
זכריה,799,ZEKHARYA,1145.0,Zekharya,31.70972222,34.945,
זמר,1290,ZEMER,7360.0,Zemer,32.36777778,35.03305556,
זמרת,1065,ZIMRAT,684.0,Zimrat,31.44777778,34.55222222,
זנוח,816,ZANOAH,539.0,Zanoah,31.73222222,34.99916667,
זרועה,2064,ZERU'A,503.0,Zeru'a,31.45833333,34.62472222,
זרזיר,975,ZARZIR,8412.0,Zarzir,32.72722222,35.22472222,
זרחיה,818,ZERAHYA,755.0,Zerahya,31.68194444,34.74527778,
ח'ואלד,1321,KHAWALED,729.0,Khawaled,32.77083333,35.13666667,
ח'ואלד (שבט),986,KHAWALED,,Khawalid / Al-Khawalid,,,
חבצלת השרון,235,HAVAZZELET HASHARON,485.0,Havazzelet HaSharon,32.36027778,34.86166667,
חבר,1110,HEVER,800.0,Hever,,,
חגור,717,HAGOR,1152.0,Hagor,32.13888889,34.94861111,
חגי,3764,HAGGAY,701.0,Haggay,,,
חגלה,205,HOGLA,868.0,Hogla,32.386944444444445,34.92638888888889,
חד -נס,4026,HAD-NES,876.0,Had-Nes,32.9275,35.64222222,
חדיד,618,HADID,913.0,Hadid,31.96777778,34.93361111,
חדרה,6500,HADERA,100630.0,Hadera,32.45,34.91666667,
חוג'ייראת (ד'הרה) (שבט),948,HUJEIRAT (DAHRA),,Al-Hujayrat (Zahra),,,
חולדה,160,HULDA,1169.0,Hulda,31.83138888888889,34.8825,
חולון,6600,HOLON,197464.0,Holon,32.01666667,34.76666667,
חולית,1239,HOLIT,203.0,Holit,31.23,34.32666667,
חולתה,253,HULATA,719.0,Hulata,33.05169722,35.60969722,
חוסן,662,HOSEN,1199.0,Hosen,32.99833333,35.2975,
חוסנייה,1332,HUSSNIYYA,823.0,Hussniyya,32.90055556,35.3225,
"חוף הכרמל מ""א 15",1864,,,,,,
חופית,115,HOFIT,824.0,Hofit,32.38583333,34.87416667,
חוקוק,374,HUQOQ,628.0,Huqoq,32.88472222,35.47888889,
חורה,1303,HURA,23942.0,Hura,31.29833333,34.93916667,
חורפיש,496,HURFEISH,6581.0,Hurfeish,33.01777778,35.34611111,
חורשים,355,HORESHIM,350.0,Horeshim,32.13861111,34.97083333,
חזון,1047,HAZON,290.0,Hazon,32.906666666666666,35.395,
חיבת ציון,219,HIBBAT ZIYYON,844.0,Hibbat Ziyyon,32.39861111,34.91361111,
חיננית,3643,HINNANIT,1512.0,Hinnanit,32.48027778,35.17222222,
חיפה,4000,HAIFA,282831.0,Haifa,32.81916667,34.99916667,
חירות,162,HERUT,1260.0,Herut,,,
חלוץ,1272,HALUZ,537.0,Haluz,32.95055556,35.31222222,
חלץ,820,HELEZ,486.0,Helez,31.57805556,34.65805556,
"חמ""ד",801,HEMED,1355.0,Hemed,32.01833333,34.84138889,
חמאם,993,HAMAM,1561.0,Hamam,32.830000000000005,35.49,
חמדיה,343,HAMADYA,420.0,Hamadya,32.52027778,35.51972222,
חמדת,3646,HEMDAT,343.0,Hemdat,32.25194444,35.52694444,
חמרה,3609,HAMRA,273.0,Hamra,32.19888888888889,35.43583333333333,
חניאל,807,HANNI'EL,903.0,Hanni'el,32.33222222,34.95,
חניתה,280,HANITA,744.0,Hanita,33.0875,35.17361111,
חנתון,1257,HANNATON,1008.0,Hannaton,32.78583333,35.24388889,
חספין,4005,HASPIN,2071.0,Haspin,32.845,35.7925,
חפץ חיים,363,HAFEZ HAYYIM,586.0,Hafez Hayyim,31.78861111,34.8,
חפצי-בה,90,HEFZI-BAH,757.0,Hefzi-Bah,32.51805556,35.42527778,חפציבה
חצב,700,HAZAV,1517.0,Hazav,31.78,34.77,
חצבה,13,HAZEVA,694.0,Hazeva,30.76777778,35.28027778,
חצור -אשדוד,406,HAZOR-ASHDOD,673.0,Hazor-Ashdod,31.77222222,34.72027778,חצור
חצור הגלילית,2034,HAZOR HAGELILIT,9763.0,Hazor HaGelilit,32.97944444,35.54361111,
חצרים,397,HAZERIM,857.0,Hazerim,31.24027778,34.71416667,
חרב לאת,422,HEREV LE'ET,933.0,Herev Le'Et,32.40194444,34.91694444,
חרוצים,1024,HARUZIM,907.0,Haruzim,32.2275,34.86472222,
חריש,1247,HARISH,27007.0,Harish,32.45888889,35.04833333,
"חרמון מ""א 71",1960,,,,,,
חרמש,3717,HERMESH,236.0,Hermesh,32.42333333,35.11916667,
חרשים,1209,HARASHIM,377.0,Harashim,32.95638889,35.32833333,
חשמונאים,3770,HASHMONA'IM,2646.0,Hashmona'im,31.93101389,35.02157222,
טבריה,6700,TIBERIAS,46698.0,Tiberias,32.79444444,35.53333333,
טובא -זנגרייה,962,TUBA-ZANGARIYYE,7011.0,Tuba-Zangariyye,32.96611111,35.59333333,
טורעאן,498,TUR'AN,14655.0,Tur'an,32.77694444,35.37583333,
טייבה,2730,TAYIBE,45387.0,Tayibe,32.26666667,35.01027778,
טייבה (בעמק),497,TAYIBE(BAEMEQ),1965.0,Tayibe(Baemeq),32.60416667,35.445,טייבה בעמק
טירה,2720,TIRE,27392.0,Tire,32.233665,34.953206,
טירת יהודה,663,TIRAT YEHUDA,1210.0,Tirat Yehuda,32.01333333,34.9325,
טירת כרמל,2100,TIRAT KARMEL,26806.0,Tirat Karmel,32.76666667,34.96666667,
טירת צבי,268,TIRAT ZEVI,975.0,Tirat Zevi,32.42166667,35.52444444,
טל -אל,1181,TAL-EL,1216.0,Tal-El,32.92694444,35.17916667,טלאל
טל שחר,462,TAL SHAHAR,1375.0,Tal Shahar,31.80611111,34.90361111,
טללים,1177,TELALIM,591.0,Telalim,30.99222222,34.77194444,
טלמון,3788,TALMON,5141.0,Talmon,31.93833333,35.135,
טמרה,8900,TAMRA,35406.0,Tamra,32.85361111,35.19777778,
טמרה (יזרעאל),547,TAMRA (YIZRE'EL),1656.0,Tamra (Yizre'el),32.63444444,35.40388889,טמרה יזרעאל
טנא,3743,TENE,964.0,Tene,,,
טפחות,1214,TEFAHOT,521.0,Tefahot,32.86916667,35.4225,
יאנוח -ג'ת,1295,YANUH-JAT,6851.0,Yanuh-Jat,32.98277778,35.24416667,
יבול,1232,YEVUL,352.0,Yevul,31.18916667,34.31916667,
יבנאל,46,YAVNE'EL,4447.0,Yavne'el,32.70944444,35.49944444,
יבנה,2660,YAVNE,53595.0,Yavne,31.88333333,34.73333333,
יגור,96,YAGUR,1654.0,Yagur,32.74138889,35.07722222,
יגל,798,YAGEL,919.0,Yagel,31.98777778,34.87888889,
יד בנימין,577,YAD BINYAMIN,4271.0,Yad Binyamin,31.79722222,34.82138889,
יד השמונה,1134,YAD HASHEMONA,294.0,Yad HaShemona,31.81027778,35.08888889,
יד חנה,758,YAD HANNA,985.0,Yad Hanna,32.32638889,35.00638889,
יד מרדכי,358,YAD MORDEKHAY,792.0,Yad Mordekhay,31.58861111,34.55833333,
יד נתן,775,YAD NATAN,637.0,Yad Natan,31.65361111,34.70583333,
"יד רמב""ם",64,YAD RAMBAM,1139.0,Yad Rambam,31.89972222,34.89972222,
ידידה,1144,YEDIDA,224.0,Yedida,31.81222222,35.10472222,
יהוד -מונוסון,9400,YEHUD-MONOSON,30618.0,Yehud-Monoson,32.03305556,34.88638889,יהוד
יהל,1158,YAHEL,232.0,Yahel,30.08416667,35.12916667,
יובל,2009,YUVAL,644.0,Yuval,33.24666667,35.59833333,
יובלים,1226,YUVALLIM,1102.0,Yuvallim,32.87888889,35.27055556,
יודפת,1112,YODEFAT,910.0,Yodefat,32.83694444,35.27361111,
יונתן,4007,YONATAN,802.0,Yonatan,32.93805555555555,35.794444444444444,
יושיביה,803,YOSHIVYA,733.0,Yoshivya,31.44305556,34.61,
יזרעאל,452,YIZRE'EL,535.0,Yizre'el,32.56166667,35.32222222,
יחיעם,409,YEHI'AM,722.0,Yehi'am,32.99583333,35.22055556,
יטבתה,866,YOTVATA,735.0,Yotvata,29.89555556,35.06,
"ייט""ב",3607,YITAV,296.0,Yitav,31.94722222,35.42305556,
יכיני,811,YAKHINI,724.0,Yakhini,31.48333333,34.6,
ים המלח - בתי מלון,1772,,,,,,
ינוב,753,YANUV,953.0,Yanuv,32.30638889,34.94916667,
ינון,2011,YINNON,1215.0,Yinnon,31.74083333,34.7825,
יסוד המעלה,29,YESUD HAMA'ALA,1804.0,Yesud HaMa'ala,33.05611111,35.60416667,
יסודות,440,YESODOT,1016.0,Yesodot,31.81444444,34.86583333,
יסעור,575,YAS'UR,893.0,Yas'ur,32.90055556,35.16611111,
יעד,1138,YA'AD,728.0,Ya'ad,32.87888889,35.24305556,
יעל,1117,YA'EL,,Ya'el,,,
יעף,1044,YE'AF,315.0,Ye'af,32.26972222,34.96805556,
יערה,795,YA'ARA,808.0,Ya'ara,33.06694444,35.18472222,
"יערות גבעת המורה מ""א 9",1863,,,,,,
יפיע,499,YAFI,19537.0,Yafi,32.68444444,35.27611111,
יפית,3566,YAFIT,221.0,Yafit,32.06138889,35.47416667,
יפעת,134,YIF'AT,1211.0,Yif'at,32.67638889,35.22444444,
יפתח,453,YIFTAH,607.0,Yiftah,33.12777778,35.55166667,
יצהר,3749,YIZHAR,2020.0,Yizhar,32.16861111,35.23666667,
יציץ,759,YAZIZ,826.0,Yaziz,31.86055556,34.86083333,
יקום,417,YAQUM,794.0,Yaqum,32.2475,34.8425,
יקיר,3647,YAQIR,2485.0,Yaqir,32.15027778,35.11527778,
יקנעם (מושבה),241,YOQNE'AM(MOSHAVA),1375.0,Yoqne'am(Moshava),32.65444444,35.115,יקנעם מושבה
יקנעם עילית,240,YOQNE'AM ILLIT,24158.0,Yoqne'am Illit,32.65944444,35.11,יקנעם
יראון,623,YIR'ON,407.0,Yir'on,33.07694444,35.455,
ירדנה,2026,YARDENA,370.0,Yardena,32.56666667,35.56388889,
ירוחם,831,YEROHAM,11031.0,Yeroham,30.98861111,34.92805556,
ירושלים,3000,JERUSALEM,966209.0,Jerusalem,31.77888889,35.22555556,
ירחיב,718,YARHIV,1088.0,Yarhiv,32.15222222,34.96777778,
ירכא,502,YIRKA,17574.0,Yirka,32.95388889,35.21222222,
ירקונה,183,YARQONA,357.0,Yarqona,32.14527778,34.90055556,
ישע,916,YESHA,429.0,Yesha,31.2475,34.4025,
ישעי,805,YISH'I,857.0,Yish'i,31.75083333,34.96666667,
ישרש,828,YASHRESH,983.0,Yashresh,31.91527778,34.84666667,
יתד,1227,YATED,563.0,Yated,31.20611111,34.32833333,
כאבול,504,KABUL,14474.0,Kabul,34.52527778,69.17833333,
כאוכב אבו אל -היג'א,505,KAOKAB ABU AL-HIJA,3723.0,Kaokab Abu Al-Hija,32.83138889,35.24861111,כאוכב
כברי,576,KABRI,1098.0,Kabri,33.02111111,35.14805556,
כדורי,371,KADOORIE,215.0,Kadoorie,32.70444444,35.40416667,
כדיתה,1338,KADDITA,179.0,Kaddita,33.005,35.46388889,
כוכב השחר,3564,KOKHAV HASHAHAR,2515.0,Kokhav HaShahar,31.96,35.34805556,
כוכב יאיר,1224,KOKHAV YA'IR,8950.0,Kokhav Ya'ir,32.22055556,34.99388889,
כוכב יעקב,3779,KOKHAV YA'AQOV,9524.0,Kokhav Ya'aqov,31.88027778,35.24583333,
כוכב מיכאל,824,KOKHAV MIKHA'EL,1105.0,Kokhav Mikha'el,31.62888889,34.66944444,
כורזים,1252,KORAZIM,339.0,Korazim,32.91027778,35.55083333,
כחל,1210,KAHAL,472.0,Kahal,32.89166667,35.50972222,
כחלה,1367,KOCHLEA,455.0,Kochlea,31.28694444,35.04805556,
כיסופים,840,KISSUFIM,292.0,Kissufim,31.37416667,34.39944444,
כישור,1153,KISHOR,215.0,Kishor,32.94611111111111,35.25,
כליל,1183,KELIL,829.0,Kelil,32.98138889,35.20083333,
כלנית,1229,KALLANIT,258.0,Kallanit,32.87388889,35.455,
כמאנה,1331,KAMANE,1620.0,Kamane,32.91111111,35.33861111,
כמהין,1291,KEMEHIN,251.0,Kemehin,30.91083333,34.43138889,
כמון,1201,KAMMON,1412.0,Kammon,32.91111111,35.36083333,
כנות,2006,KANNOT,441.0,Kannot,31.80222222,34.7525,
כנף,4028,KANAF,465.0,Kanaf,32.86972222,35.70055556,
כנרת (מושבה),63,KINNERET(MOSHAVA),687.0,Kinneret(Moshava),32.725,35.565,כנרת
כנרת (קבוצה),57,KINNERET(QEVUZA),701.0,Kinneret(Qevuza),32.71361111,35.56194444,
כסיפה,1059,KUSEIFE,23219.0,Kuseife,31.24527778,35.09277778,
כסלון,859,KESALON,487.0,Kesalon,31.77388889,35.04944444,
כסרא -סמיע,1296,KISRA-SUMEI,9108.0,Kisra-Sumei,32.96388889,35.30222222,כסרא
כעביה -טבאש -חג'אג'רה,978,KA'ABIYYE-TABBASH-HAJAJRE,5732.0,Ka'abiyye-Tabbash-Hajajre,32.74944444,35.18361111,כעביה
כפר אביב,857,KEFAR AVIV,822.0,Kefar Aviv,31.83138889,34.72138889,
כפר אדומים,3638,KEFAR ADUMMIM,4927.0,Kefar Adummim,31.82388889,35.335,
כפר אוריה,364,KEFAR URIYYA,914.0,Kefar Uriyya,31.79361111,34.94833333,
כפר אחים,690,KEFAR AHIM,892.0,Kefar Ahim,31.74472222,34.7575,
כפר ביאליק,220,KEFAR BIALIK,852.0,Kefar Bialik,32.82111111,35.0875,
"כפר ביל""ו",177,KEFAR BILU,1252.0,Kefar Bilu,31.87111111,34.82861111,
כפר בלום,357,KEFAR BLUM,765.0,Kefar Blum,33.17222222,35.60972222,
כפר בן נון,2010,KEFAR BIN NUN,742.0,Kefar Bin Nun,31.86138889,34.95333333,
כפר ברא,633,KAFAR BARA,3856.0,Kafar Bara,32.13055556,34.97194444,
כפר ברוך,132,KEFAR BARUKH,667.0,Kefar Barukh,32.64638889,35.18944444,
כפר גדעון,106,KEFAR GID'ON,351.0,Kefar Gid'on,32.64333333,35.29111111,
כפר גלים,427,KEFAR GALLIM,381.0,Kefar Gallim,32.76611111,34.95944444,
כפר גליקסון,310,KEFAR GLIKSON,352.0,Kefar Glikson,32.50527778,35.00555556,
כפר גלעדי,76,KEFAR GIL'ADI,689.0,Kefar Gil'adi,33.2425,35.575,
כפר דניאל,707,KEFAR DANIYYEL,683.0,Kefar Daniyyel,31.93305556,34.93388889,
כפר האורנים,3796,KEFAR HAORANIM,2607.0,Kefar HaOranim,31.91944444,35.03777778,
כפר החורש,192,KEFAR HAHORESH,736.0,Kefar HaHoresh,32.70111111,35.27277778,
כפר המכבי,254,KEFAR HAMAKKABBI,410.0,Kefar HaMakkabbi,32.79,35.11611111,
כפר הנגיד,582,KEFAR HANAGID,1223.0,Kefar HaNagid,31.8875,34.74944444,
כפר הנוער הדתי,890,KEFAR HANO'AR HADATI,376.0,Kefar HaNo'ar Hadati,32.74305556,35.09805556,
כפר הנשיא,443,KEFAR HANASI,979.0,Kefar HaNasi,32.97472222,35.60333333,
כפר הס,187,KEFAR HESS,1582.0,Kefar Hess,32.24638889,34.93472222,
"כפר הרא""ה",217,KEFAR HARO'E,1483.0,Kefar HaRo'e,32.39055556,34.91194444,
"כפר הרי""ף",888,KEFAR HARIF,844.0,Kefar Harif,31.74416667,34.79555556,
כפר ויתקין,190,KEFAR VITKIN,1982.0,Kefar Vitkin,32.38166667,34.87694444,
כפר ורבורג,320,KEFAR WARBURG,1161.0,Kefar Warburg,31.71972222,34.72333333,
כפר ורדים,1263,KEFAR WERADIM,5531.0,Kefar Weradim,32.99055556,35.27361111,
כפר זוהרים,1325,KEFAR ZOHARIM,149.0,Kefar Zoharim,31.6225,34.92555556,
כפר זיתים,786,KEFAR ZETIM,793.0,Kefar Zetim,32.81166667,35.4625,
"כפר חב""ד",696,KEFAR HABAD,6797.0,Kefar Habad,31.98861111,34.85194444,
כפר חושן,609,KEFAR HOSHEN,805.0,Kefar Hoshen,33.01222222,35.44138889,
כפר חיטים,255,KEFAR HITTIM,618.0,Kefar Hittim,32.80027778,35.5025,
כפר חיים,193,KEFAR HAYYIM,639.0,Kefar Hayyim,32.355,34.90055556,
כפר חנניה,1297,KEFAR HANANYA,762.0,Kefar Hananya,32.91583333,35.4225,
כפר חסידים א',112,KEFAR HASIDIM ALEF,814.0,Kefar Hasidim Alef,32.74333333,35.09361111,
כפר חסידים ב',889,KEFAR HASIDIM BET,305.0,Kefar Hasidim Bet,32.75,35.09,
כפר חרוב,4004,KEFAR HARUV,478.0,Kefar Haruv,32.7625,35.66361111,
כפר טרומן,673,KEFAR TRUMAN,908.0,Kefar Truman,31.97972222,34.92222222,
כפר יאסיף,507,KAFAR YASIF,10324.0,Kafar Yasif,32.95472222,35.16527778,
כפר ידידיה,233,KEFAR YEDIDYA,751.0,Kefar Yedidya,32.34583333,34.89944444,
כפר יהושע,140,KEFAR YEHOSHUA,1244.0,Kefar Yehoshua,32.68361111,35.15388889,
כפר יונה,168,KEFAR YONA,27897.0,Kefar Yona,32.31710278,34.93576111,
כפר יחזקאל,85,KEFAR YEHEZQEL,1255.0,Kefar Yehezqel,32.56722222,35.35888889,
כפר יעבץ,170,KEFAR YA'BEZ,676.0,Kefar Ya'bez,32.275,34.96472222,
כפר כמא,508,KAFAR KAMA,3479.0,Kafar Kama,32.72194444,35.44083333,
כפר כנא,509,KAFAR KANNA,23706.0,Kafar Kanna,32.75,35.35,
כפר מונש,387,KEFAR MONASH,926.0,Kefar Monash,32.34722222,34.91555556,
כפר מימון,1095,KEFAR MAYMON,427.0,Kefar Maymon,31.43194444,34.53638889,
"כפר מל""ל",98,KEFAR MALAL,324.0,Kefar Malal,32.16777778,34.895,
כפר מנדא,510,KAFAR MANDA,21073.0,Kafar Manda,32.81666667,35.26666667,
כפר מנחם,274,KEFAR MENAHEM,1366.0,Kefar Menahem,31.73166667,34.83611111,
כפר מסריק,297,KEFAR MASARYK,866.0,Kefar Masaryk,32.89083333,35.09972222,
כפר מצר,512,KAFAR MISR,2805.0,Kafar Misr,32.64555556,35.4225,
כפר מרדכי,764,KEFAR MORDEKHAY,657.0,Kefar Mordekhay,31.83111111,34.75694444,
כפר נטר,316,KEFAR NETTER,1159.0,Kefar Netter,32.27138889,34.87027778,
כפר סאלד,345,KEFAR SZOLD,716.0,Kefar Szold,33.19527778,35.6575,
כפר סבא,6900,KEFAR SAVA,101801.0,Kefar Sava,32.17138889,34.90833333,
כפר סילבר,107,KEFAR SILVER,405.0,Kefar Silver,31.67361111,34.61166667,
כפר סירקין,249,KEFAR SIRKIN,1543.0,Kefar Sirkin,32.07666667,34.92361111,
כפר עבודה,875,KEFAR AVODA,212.0,Kefar Avoda,32.25583333,34.93972222,
כפר עזה,845,KEFAR AZZA,765.0,Kefar Azza,31.48361111,34.53388889,
כפר עציון,3488,KEFAR EZYON,1279.0,Kefar Ezyon,31.64888889,35.11527778,
כפר פינס,189,KEFAR PINES,1106.0,Kefar Pines,32.48388889,35.00277778,
כפר קאסם,634,KAFAR QASEM,24756.0,Kafar Qasem,32.115,34.975,
כפר קיש,388,KEFAR KISCH,685.0,Kefar Kisch,32.66722222,35.44861111,
כפר קרע,654,KAFAR QARA,19691.0,Kafar Qara,32.50583333,35.05388889,
כפר ראש הנקרה,579,KEFAR ROSH HANIQRA,1406.0,Kefar Rosh HaNiqra,33.08611111,35.11361111,ראש הנקרה
כפר רוזנואלד (זרעית),1130,KEFAR ROZENWALD(ZARIT),237.0,Kefar Rozenwald(Zarit),33.100075,35.288429,זרעית
כפר רופין,295,KEFAR RUPPIN,526.0,Kefar Ruppin,32.4575,35.55611111,
כפר רות,1166,KEFAR RUT,285.0,Kefar Rut,31.91,35.03555556,
כפר שמאי,605,KEFAR SHAMMAY,575.0,Kefar Shammay,32.95666667,35.45694444,
כפר שמואל,743,KEFAR SHEMU'EL,969.0,Kefar Shemu'el,31.88944444,34.93166667,
כפר שמריהו,267,KEFAR SHEMARYAHU,1948.0,Kefar Shemaryahu,32.185,34.82,
כפר תבור,47,KEFAR TAVOR,4426.0,Kefar Tavor,32.68694444,35.42083333,
כפר תפוח,3572,KEFAR TAPPUAH,1522.0,Kefar Tappuah,32.11805556,35.25,
כרכום,1285,KARKOM,517.0,Karkom,32.93055556,35.60805556,
כרם בן זמרה,664,KEREM BEN ZIMRA,529.0,Kerem Ben Zimra,33.03833333,35.46861111,
כרם בן שמן,88,KEREM BEN SHEMEN,87.0,Kerem Ben Shemen,31.95833333,34.93472222,
כרם יבנה (ישיבה),1094,KEREM YAVNE(YESHIVA),538.0,Kerem Yavne(Yeshiva),31.816667, 34.716667,כרם יבנה
"כרם מהר""ל",580,KEREM MAHARAL,767.0,Kerem Maharal,32.64916667,34.99194444,
כרם שלום,1085,KEREM SHALOM,194.0,Kerem Shalom,31.22777778,34.28472222,
כרמי יוסף,1264,KARME YOSEF,1757.0,Karme Yosef,31.84833333,34.92027778,
כרמי צור,3766,KARME ZUR,964.0,Karme Zur,31.60916667,35.10138889,
כרמי קטיף,1374,KARME KATIF,649.0,Karme Katif,31.53777778,34.91333333,
כרמיאל,1139,KARMI'EL,46311.0,Karmi'el,32.91361111,35.29611111,
כרמייה,768,KARMIYYA,651.0,Karmiyya,31.60416667,34.5425,
כרמים,1198,KERAMIM,526.0,Keramim,31.33361111,34.91861111,
כרמל,3656,KARMEL,467.0,Karmel,32.73305556,35.04972222,
לבון,1207,LAVON,727.0,Lavon,32.94166667,35.28611111,
לביא,585,LAVI,616.0,Lavi,32.78722222,35.44166667,
לבנים,1230,LIVNIM,473.0,Livnim,32.86416667,35.49638889,
להב,2023,LAHAV,656.0,Lahav,31.37833333,34.87027778,
להבות הבשן,380,LAHAVOT HABASHAN,922.0,Lahavot HaBashan,33.14138889,35.6475,
להבות חביבה,715,LAHAVOT HAVIVA,1062.0,Lahavot Haviva,32.39361111,35.01,
להבים,1271,LEHAVIM,6977.0,Lehavim,31.36888889,34.81305556,
לוד,7000,LOD,82629.0,Lod,31.95194444,34.88805556,
לוזית,52,LUZIT,862.0,Luzit,31.685,34.88638889,
לוחמי הגיטאות,595,LOHAME HAGETA'OT,816.0,Lohame HaGeta'ot,32.96333333,35.09777778,לוחמי הגטאות
לוטם,1171,LOTEM,783.0,Lotem,32.8825,35.35722222,
לוטן,1255,LOTAN,202.0,Lotan,29.98888889,35.08916667,
לימן,674,LIMAN,674.0,Liman,33.06,35.11277778,
לכיש,24,LAKHISH,800.0,Lakhish,31.56138888888889,34.842222222222226,
לפיד,1310,LAPPID,2322.0,Lappid,31.9175,35.0325,
לפידות,1173,LAPPIDOT,129.0,Lappidot,32.95944444,35.26166667,
לקיה,1060,LAQYE,15294.0,Laqye,31.32444444,34.86722222,
מאור,2055,MA'OR,1442.0,Ma'or,32.42527778,35.00444444,
מאיר שפיה,102,ME'IR SHEFEYA,352.0,Me'ir Shefeya,32.59027778,34.97055556,
מבוא ביתר,771,MEVO BETAR,1013.0,Mevo Betar,31.7225,35.10666667,
מבוא דותן,3569,MEVO DOTAN,509.0,Mevo Dotan,32.42027778,35.17527778,
מבוא חורון,3709,MEVO HORON,2694.0,Mevo Horon,31.84916667,35.03583333,
מבוא חמה,4204,MEVO HAMMA,459.0,Mevo Hamma,32.73694444,35.655,
מבוא מודיעים,1141,MEVO MODI'IM,247.0,Mevo Modi'im,31.93388889,34.98777778,
מבואות ים,1318,MEVO'OT YAM,365.0,Mevo'ot Yam,32.40166667,34.86666667,
מבואות יריחו,3825,MEVO'OT YERIHO,228.0,Mevo'ot Yeriho,31.90777778,35.41694444,
מבועים,1080,MABBU'IM,1250.0,Mabbu'im,31.44916667,34.65361111,
מבטחים,829,MIVTAHIM,463.0,Mivtahim,31.24222222,34.40777778,
מבקיעים,573,MAVQI'IM,508.0,Mavqi'im,31.62166667,34.57805556,
מבשרת ציון,1015,MEVASSERET ZIYYON,24943.0,Mevasseret Ziyyon,31.8,35.15,מבשרת
מג'ד אל -כרום,516,MAJD AL-KURUM,15630.0,Majd al-Kurum,32.92055556,35.25277778,
מג'דל שמס,4201,MAJDAL SHAMS,11404.0,Majdal Shams,33.26666667,35.76666667,
מגאר,481,MUGHAR,23625.0,Mughar,32.88722222,35.41222222,מעאר
מגדים,689,MEGADIM,1388.0,Megadim,32.72916667,34.95916667,
מגדל,65,MIGDAL,1988.0,Migdal,32.8375,35.50472222,
מגדל העמק,874,MIGDAL HAEMEQ,26029.0,Migdal HaEmeq,32.67138889,35.24055556,
מגדל עוז,3561,MIGDAL OZ,566.0,Migdal Oz,31.64083333,35.14388889,
מגדל תפן,1722,,,,,,
מגדלים,3751,MIGDALIM,543.0,Migdalim,32.09027778,35.34222222,
מגידו,586,MEGIDDO,858.0,Megiddo,32.580000000000005,35.17944444444444,
מגל,375,MAGGAL,1177.0,Maggal,32.38583333333333,35.03361111111111,
מגן,695,MAGEN,537.0,Magen,31.299722222222226,34.426944444444445,
מגן שאול,1155,MAGEN SHA'UL,734.0,Magen Sha'ul,32.52138889,35.30694444,
מגשימים,722,MAGSHIMIM,1090.0,Magshimim,32.04638889,34.90055556,
מדרך עוז,2029,MIDRAKH OZ,828.0,Midrakh Oz,32.59527778,35.15833333,
מדרשת בן גוריון,1140,MIDRESHET BEN GURION,1956.0,Midreshet Ben Gurion,30.85222222,34.78333333,
מדרשת רופין,897,MIDRESHET RUPPIN,228.0,Midreshet Ruppin,32.34305556,34.91194444,
מודיעין -מכבים -רעות*,1200,MODI'IN-MAKKABBIM-RE'UT,97097.0,Modi'in-Makkabbim-Re'ut,31.90765278,35.00761389,מודיעין
מודיעין עילית,3797,MODI'IN ILLIT,80997.0,Modi'in Illit,31.93055556,35.04166667,
מולדת,269,MOLEDET,1096.0,Moledet,32.58638889,35.44055556,
מוצא עילית,208,MOZA ILLIT,1524.0,Moza Illit,31.79305556,35.15777778,
מוקייבלה,635,MUQEIBLE,4261.0,Muqeible,32.51416667,35.29472222,
מורן,1163,MORAN,497.0,Moran,32.920833333333334,35.39416666666666,
מורשת,1178,MORESHET,1592.0,Moreshet,32.82777778,35.23527778,
מזור,606,MAZOR,1329.0,Mazor,32.0525,34.92609722,
מזכרת בתיה,28,MAZKERET BATYA,15424.0,Mazkeret Batya,31.84972222,34.84305556,
"מזרח השרון מ""א 16",1879,,,,,,
"מזרח השרון מ""א 18",1880,,,,,,
מזרע,104,MIZRA,792.0,Mizra,32.65083333,35.28777778,
מזרעה,517,MAZRA'A,4078.0,Mazra'a,32.98305556,35.0975,
מחולה,3599,MEHOLA,649.0,Mehola,32.36583333,35.51444444,
מחנה הילה*,1411,MAHANE HILLA,,Mahane Hilla,,,
מחנה טלי*,1418,MAHANE TALI,,Mahane Tali,,,
מחנה יהודית*,1413,MAHANE YEHUDIT,,Mahane Yehudit,,,
מחנה יוכבד*,1416,MAHANE YOKHEVED,,Mahane Yokheved,,,
מחנה יפה*,1415,MAHANE YAFA,,Mahane Yafa,,,
מחנה יתיר,1196,MAHANE YATTIR,304.0,Mahane Yattir,31.34777778,35.06055556,
מחנה מרים*,1414,MAHANE MIRYAM,,Mahane Miryam,,,
מחנה תל נוף*,1412,MAHANE TEL NOF,,Mahane Tel Nof,,,
מחניים,308,MAHANAYIM,815.0,Mahanayim,32.98916667,35.57027778,
מחסיה,776,MAHSEYA,493.0,Mahseya,31.74833333,35.00638889,
מטולה,43,METULA,1692.0,Metula,33.27888889,35.57444444,
מטע,822,MATTA,961.0,Matta,31.718055555555555,35.06222222222222,
מי עמי,1128,ME AMMI,363.0,Me Ammi,32.50472222,35.14805556,
מיטב,2054,METAV,460.0,Metav,32.54666667,35.30055556,
מייסר,649,MEISER,2084.0,Meiser,32.44472222,35.04194444,
מיצר,4019,MEZAR,324.0,Mezar,32.76805556,35.73694444,
מירב,1282,MERAV,744.0,Merav,32.45277778,35.42194444,
מירון,607,MERON,1091.0,Meron,32.98694444,35.44,
מישר,731,MESHAR,811.0,Meshar,31.81833333,34.75416667,
מיתר,1268,METAR,10566.0,Metar,31.32583333,34.93944444,
מכורה,3614,MEKHORA,185.0,Mekhora,32.16527778,35.42277778,
מכחול,1343,MAKCHUL,1126.0,Makchul,31.28861111,35.07583333,
מכמורת,382,MIKHMORET,1504.0,Mikhmoret,32.40583333,34.87166667,
מכמנים,1202,MIKHMANNIM,597.0,Mikhmannim,32.90583333,35.32722222,
מלאה,164,MELE'A,375.0,Mele'a,32.56333333,35.23722222,
מלילות,2044,MELILOT,381.0,Melilot,31.38944444,34.59527778,
מלכייה,596,MALKIYYA,436.0,Malkiyya,33.09833333,35.51111111,
מלכישוע,1154,MALKISHUA,243.0,Malkishua,32.43861111,35.41333333,
מנוחה,2030,MENUHA,668.0,Menuha,31.6575,34.7775,
מנוף,1174,MANOF,858.0,Manof,32.8525,35.23944444,
מנות,1205,MANOT,497.0,Manot,33.03888889,35.19472222,
מנחמיה,48,MENAHEMYA,1065.0,Menahemya,32.66777778,35.55388889,
מנרה,347,MENARA,266.0,Menara,33.19638889,35.54472222,
מנשית זבדה,994,MANSHIYYET ZABDA,1471.0,Manshiyyet Zabda,32.70611111,35.19361111,
מסד,1258,MASSAD,387.0,Massad,,,
מסדה,263,MASSADA,376.0,Massada,31.31555556,35.35388889,
מסילות,298,MESILLOT,463.0,Mesillot,32.49527778,35.47444444,
מסילת ציון,742,MESILLAT ZIYYON,1214.0,Mesillat Ziyyon,31.80166667,35.01138889,
מסלול,748,MASLUL,902.0,Maslul,31.32416667,34.58833333,
מסעדה,4203,MAS'ADE,3812.0,Mas'ade,33.23305556,35.7575,
מסעודין אל-עזאזמה (שבט),939,MAS'UDIN AL-'AZAZME,,Mas'udin al 'Azazma,,,
מעברות,197,MA'BAROT,983.0,Ma'barot,32.36388889,34.90416667,
מעגלים,1082,MA'GALIM,2058.0,Ma'galim,31.39666667,34.59888889,
מעגן,678,MA'AGAN,394.0,Ma'agan,32.70638889,35.6,
מעגן מיכאל,694,MA'AGAN MIKHA'EL,2069.0,Ma'agan Mikha'el,32.55694444,34.91694444,
מעוז חיים,272,MA'OZ HAYYIM,502.0,Ma'oz Hayyim,32.49305556,35.55055556,
מעון,3657,MA'ON,592.0,Ma'on,31.41361111,35.16444444,
מעונה,570,ME'ONA,974.0,Me'ona,33.0175,35.25861111,
מעיין ברוך,416,MA'YAN BARUKH,724.0,Ma'yan Barukh,33.24111111,35.60888889,
מעיין צבי,290,MA'YAN ZEVI,762.0,Ma'yan Zevi,32.56638889,34.94,
מעיליא,518,MI'ELYA,3267.0,Mi'elya,33.02527778,35.25944444,
מעלה אדומים,3616,MA'ALE ADUMMIM,37555.0,Ma'ale Adummim,31.775,35.29805556,
מעלה אפרים,3608,MA'ALE EFRAYIM,1318.0,Ma'ale Efrayim,32.07042778,35.40361389,
מעלה גלבוע,1127,MA'ALE GILBOA,830.0,Ma'ale Gilboa,32.47638889,35.42027778,
מעלה גמלא,4008,MA'ALE GAMLA,573.0,Ma'ale Gamla,32.88805556,35.68527778,
מעלה החמישה,286,MA'ALE HAHAMISHA,846.0,Ma'ale HaHamisha,31.81722222,35.11083333,
מעלה לבונה,3752,MA'ALE LEVONA,976.0,Ma'ale Levona,32.05444444,35.24083333,
מעלה מכמש,3651,MA'ALE MIKHMAS,1691.0,Ma'ale Mikhmas,31.87888889,35.30638889,
מעלה עירון,1327,MA'ALE IRON,15642.0,Ma'ale Iron,32.54833333,35.1975,
מעלה עמוס,3653,MA'ALE AMOS,822.0,Ma'ale Amos,31.59638889,35.22944444,
מעלות -תרשיחא,1063,MA'ALOT-TARSHIHA,22314.0,Ma'alot-Tarshiha,33.01666667,35.27083333,מעלות
מענית,344,MA'ANIT,874.0,Ma'anit,32.45,35.03333333,
"מערב השרון מ""א 16",1876,,,,,,
"מערב השרון מ""א 18",1877,,,,,,
"מערב השרון מ""א 19",1878,,,,,,
מעש,230,MA'AS,835.0,Ma'as,,,
מפלסים,668,MEFALLESIM,1038.0,Mefallesim,31.50194444,34.56444444,
"מפעלי אבשלו""ם",1767,,,,,,
מפעלי ברקן,1791,,,,,,
מפעלי גליל עליון,1706,,,,,,
מפעלי גרנות,1739,,,,,,
מפעלי העמק (יזרעאל),1717,,,,,,
מפעלי חבל מודיעים,1729,,,,,,
מפעלי ים המלח(סדום),1775,,,,,,
מפעלי כנות,1753,,,,,,
מפעלי מישור רותם,1773,,,,,,
מפעלי מעון,1769,,,,,,
מפעלי נחם הרטוב,1701,,,,,,
מפעלי צומת מלאכי,1761,,,,,,
מפעלי צין - ערבה,1776,,,,,,
מפעלי צמח,1711,,,,,,
מפעלי שאן,1719,,,,,,
מצדות יהודה,3745,MEZADOT YEHUDA,634.0,Mezadot Yehuda,31.36666667,35.11166667,
מצובה,325,MAZZUVA,1157.0,Mazzuva,33.06333333,35.15833333,
מצליח,757,MAZLIAH,1343.0,Mazliah,31.90777778,34.87388889,
מצפה,58,MIZPA,128.0,Mizpa,32.79055556,35.50944444,
"מצפה אבי""ב",1222,MIZPE AVIV,1076.0,Mizpe Aviv,32.83722222,35.20055556,
מצפה אילן,1370,MITSPE ILAN,752.0,Mitspe Ilan,32.46111111,35.06916667,
מצפה יריחו,3576,MIZPE YERIHO,2638.0,Mizpe Yeriho,31.81611111,35.39416667,
מצפה נטופה,1190,MIZPE NETOFA,1054.0,Mizpe Netofa,32.80277778,35.38444444,
מצפה רמון,99,MIZPE RAMON,5179.0,Mizpe Ramon,30.61277778,34.80388889,
מצפה שלם,3610,MIZPE SHALEM,238.0,Mizpe Shalem,31.56833333,35.40083333,
מצר,648,MEZER,389.0,Mezer,32.44,35.0475,
מקווה ישראל,22,MIQWE YISRA'EL,379.0,Miqwe Yisra'el,32.02916667,34.78138889,מקוה ישראל
מרגליות,843,MARGALIYYOT,416.0,Margaliyyot,33.21444444,35.54472222,
מרום גולן,4101,MEROM GOLAN,754.0,Merom Golan,33.13333333,35.77583333,
מרחב עם,1340,MERHAV AM,521.0,Merhav Am,30.88722222,34.82888889,
מרחביה (מושב),97,MERHAVYA(MOSHAV),663.0,Merhavya(Moshav),32.60388889,35.31666667,מרחביה
מרחביה (קיבוץ),66,MERHAVYA(QIBBUZ),1298.0,Merhavya(Qibbuz),32.60611111,35.3075,קיבוץ מרחביה
מרכז אזורי כדורי,1713,,,,,,
מרכז אזורי מרום הגליל,1708,,,,,,
מרכז אזורי משגב,1723,,,,,,
מרכז אזורי שוהם,1747,,,,,,
"מרכז כ""ח",1705,,,,,,
"מרכז מיר""ב*",1715,,,,,,
מרכז שפירא,1098,MERKAZ SHAPPIRA,2589.0,Merkaz Shappira,31.69666667,34.70666667,
משאבי שדה,421,MASH'ABBE SADE,474.0,Mash'abbe Sade,31.00388889,34.78833333,
משגב דב,765,MISGAV DOV,714.0,Misgav Dov,31.82,34.74027778,
משגב עם,378,MISGAV AM,358.0,Misgav Am,33.24777778,35.54833333,
משהד,520,MESHHED,8655.0,Meshhed,36.32638889,59.54333333,
משואה,3605,MASSU'A,263.0,Massu'a,32.11333333,35.4925,
משואות יצחק,620,MASSU'OT YIZHAQ,685.0,Massu'ot Yizhaq,31.70333333,34.68944444,
משכיות,3785,MASKIYYOT,341.0,Maskiyyot,32.3175,35.50222222,
משמר איילון,670,MISHMAR AYYALON,573.0,Mishmar Ayyalon,31.87444444,34.94611111,
משמר דוד,563,MISHMAR DAWID,1304.0,Mishmar Dawid,31.82277778,34.90222222,
משמר הירדן,732,MISHMAR HAYARDEN,878.0,Mishmar HaYarden,33.005,35.59888889,
משמר הנגב,395,MISHMAR HANEGEV,1085.0,Mishmar HaNegev,31.36416667,34.71861111,
משמר העמק,130,MISHMAR HAEMEQ,1268.0,Mishmar HaEmeq,32.61027778,35.1425,
משמר השבעה,729,MISHMAR HASHIV'A,1044.0,Mishmar HaShiv'a,32.00944444,34.82361111,
משמר השרון,194,MISHMAR HASHARON,613.0,Mishmar HaSharon,32.35861111,34.90305556,
משמרות,213,MISHMAROT,1233.0,Mishmarot,32.48611111,34.98361111,
משמרת,425,MISHMERET,1048.0,Mishmeret,32.22861111,34.92138889,
משען,791,MASH'EN,1069.0,Mash'en,31.65722222,34.62333333,
מתן,1315,MATTAN,3631.0,Mattan,32.15861111,34.97305556,
מתת,1184,MATTAT,222.0,Mattat,33.04027778,35.35472222,
מתתיהו,3648,MATTITYAHU,922.0,Mattityahu,31.929166666666667,35.03138888888889,
נאות גולן,4551,NE'OT GOLAN,669.0,Ne'ot Golan,32.7875,35.69361111,
נאות הכיכר,1124,NE'OT HAKIKKAR,442.0,Ne'ot HaKikkar,30.9375,35.37888889,
נאות חובב,1770,,,,,,
נאות מרדכי,408,NE'OT MORDEKHAY,675.0,Ne'ot Mordekhay,33.16,35.59666667,
נאות סמדר,1197,NE'OT SMADAR,228.0,Ne'ot Smadar,30.04833333,35.02527778,
נאעורה,524,NA'URA,2393.0,Na'ura,32.61444444,35.39111111,
נבטים,396,NEVATIM,1067.0,Nevatim,31.22361111,34.88277778,
נגבה,315,NEGBA,967.0,Negba,31.66083333,34.68305556,
נגוהות,3724,NEGOHOT,468.0,Negohot,31.49277778,34.98333333,
נהורה,309,NEHORA,1195.0,Nehora,31.6225,34.705,
נהלל,80,NAHALAL,1255.0,Nahalal,32.69,35.19666667,
נהרייה,9100,NAHARIYYA,60807.0,Nahariyya,33.00583333,35.09888889,
נוב,4304,NOV,1026.0,Nov,32.83277778,35.78277778,
נוגה,55,NOGAH,579.0,Nogah,31.624166666666667,34.69472222222222,
נווה,1366,NAVE,1327.0,Nave,31.1625,34.33388888888889,
נווה אבות,926,NEWE AVOT,40.0,Newe Avot,32.48472222,34.96777778,
נווה אור,590,NEWE UR,350.0,Newe Ur,32.59,35.55277778,
"נווה אטי""ב",4303,NEWE ATIV,141.0,Newe Ativ,33.26166667,35.74111111,
נווה אילן,405,NEWE ILAN,996.0,Newe Ilan,31.80833333,35.07916667,
נווה אילן*,1702,,,,,,
נווה איתן,296,NEWE ETAN,306.0,Newe Etan,32.49111111,35.53111111,
נווה דניאל,3725,NEWE DANIYYEL,2360.0,Newe Daniyyel,31.67694444,35.14361111,
נווה זוהר,1057,NEWE ZOHAR,52.0,Newe Zohar,31.15222222,35.36527778,
נווה זיו,1314,NEWE ZIV,1012.0,Newe Ziv,33.02694444,35.18472222,
נווה חריף,1279,NEWE HARIF,107.0,Newe Harif,30.03888889,35.03611111,
נווה ים,312,NEWE YAM,237.0,Newe Yam,32.67833333,34.93111111,
נווה ימין,686,NEWE YAMIN,1065.0,Newe Yamin,32.17111111,34.93805556,
נווה ירק,858,NEWE YARAQ,1271.0,Newe Yaraq,32.13222222,34.92444444,
נווה מבטח,827,NEWE MIVTAH,690.0,Newe Mivtah,31.80527778,34.74111111,
נווה מיכאל,1071,NEWE MIKHA'EL,871.0,Newe Mikha'el,31.67277778,35.00611111,
נווה צוף,3573,NEVE TSUF,1543.0,Neve Tsuf,32.00583333,35.12583333,
נווה שלום,1259,NEWE SHALOM,357.0,Newe Shalom,31.81777778,34.97972222,
נועם,15,NO'AM,360.0,No'am,31.56722222,34.78888889,
נוף איילון,1333,NOF AYYALON,2081.0,Nof Ayyalon,31.87111111,34.99111111,
נוף הגליל,1061,NOF HAGALIL,42659.0,Nof HaGalil,32.71666667,35.33333333,נצרת עילית
נופים,3790,NOFIM,1042.0,Nofim,32.15361111,35.10166667,
נופית,1284,NOFIT,2550.0,Nofit,32.75972222,35.14638889,
נופך,257,NOFEKH,610.0,Nofekh,32.04444444,34.92027778,
נוקדים,3726,NOQEDIM,2764.0,Noqedim,31.64388889,35.24472222,
נורדייה,447,NORDIYYA,1924.0,Nordiyya,32.31444444,34.89583333,
נורית,833,NURIT,244.0,Nurit,32.54083333,35.35972222,
נחושה,59,NEHUSHA,1505.0,Nehusha,31.62861111,34.95222222,
"נחל יפתחאל מ""א 3",1883,,,,,,
נחל עוז,844,NAHAL OZ,470.0,Nahal Oz,31.4725,34.49722222,
"נחל תבור מ""א 8",1861,,,,,,
נחלה,2045,NAHALA,706.0,Nahala,31.658055555555556,34.794999999999995,
נחליאל,3767,NAHALI'EL,737.0,Nahali'el,31.97388889,35.14,
נחלים,449,NEHALIM,1848.0,Nehalim,32.05861111,34.91361111,
נחם,809,NAHAM,561.0,Naham,31.76666667,35.00388889,
נחף,522,NAHEF,13558.0,Nahef,32.93166667,35.31972222,
נחשולים,433,NAHSHOLIM,700.0,Nahsholim,32.61416667,34.92138889,
נחשון,777,NAHSHON,602.0,Nahshon,,,
נחשונים,705,NAHSHONIM,435.0,Nahshonim,32.06,34.94777778,
נטועה,1147,NETU'A,326.0,Netu'a,33.06472222,35.32277778,
נטור,4014,NATUR,910.0,Natur,32.85305556,35.75305556,
נטע,1369,NETA,736.0,Neta,31.47833333333333,34.92638888888889,
נטעים,174,NETA'IM,637.0,Neta'im,31.94555556,34.77333333,
נטף,1254,NATAF,478.0,Nataf,31.83222222,35.06777778,
ניין,523,NEIN,1959.0,Nein,32.63055556,35.35,
"ניל""י",3655,NILI,1878.0,Nili,31.96361111111111,35.046388888888885,
ניצן,351,NIZZAN,2660.0,Nizzan,31.74027778,34.63111111,
ניצן ב',1419,NIZZAN B,376.0,Nizzan B,31.73638889,34.63666667,
ניצנה (קהילת חינוך),1195,NIZZANA (QEHILAT HINUH),408.0,Nizzana (Qehilat Hinuh),30.886129, 34.421553,ניצנה
ניצני סיני,1280,NIZZANE SINAY,297.0,Nizzane Sinay,30.90361111,34.39638889,
ניצני עוז,851,NIZZANE OZ,1114.0,Nizzane Oz,32.30666667,35.005,
ניצנים,359,NIZZANIM,613.0,Nizzanim,31.7175,34.63555556,
ניר אליהו,808,NIR ELIYYAHU,563.0,Nir Eliyyahu,32.19666667,34.94972222,
ניר בנים,553,NIR BANIM,726.0,Nir Banim,31.67222222,34.75416667,
ניר גלים,720,NIR GALLIM,1387.0,Nir Gallim,31.82472222,34.68333333,
ניר דוד (תל עמל),256,NIR DAWID (TEL AMAL),743.0,Nir Dawid (Tel Amal),32.504553, 35.455472,ניר דוד
"ניר ח""ן",11,NIR HEN,578.0,Nir Hen,31.60972222,34.71527778,
ניר יפה,165,NIR YAFE,730.0,Nir Yafe,32.57055556,35.24583333,
ניר יצחק,402,NIR YIZHAQ,649.0,Nir Yizhaq,31.23722222,34.35722222,
ניר ישראל,699,NIR YISRA'EL,893.0,Nir Yisra'el,31.68777778,34.63638889,
ניר משה,2047,NIR MOSHE,607.0,Nir Moshe,31.47777778,34.63111111,
ניר עוז,69,NIR OZ,392.0,Nir Oz,31.31027778,34.40222222,
ניר עם,348,NIR AM,684.0,Nir Am,31.51944444,34.58083333,
ניר עציון,769,NIR EZYON,971.0,Nir Ezyon,32.69777778,34.99361111,
ניר עקיבא,2048,NIR AQIVA,709.0,Nir Aqiva,31.47,34.64666667,
ניר צבי,331,NIR ZEVI,1273.0,Nir Zevi,31.95111111,34.86222222,
נירים,602,NIRIM,408.0,Nirim,31.335,34.39583333,
נירית,1236,NIRIT,952.0,Nirit,32.14388889,34.98305556,
נמל תעופה בן-גוריון,1748,,,,,,
נמרוד,4035,NIMROD,,Nimrod,,,
נס הרים,825,NES HARIM,1472.0,Nes Harim,31.74472222,35.05833333,
נס עמים,1143,NES AMMIM,467.0,Nes Ammim,32.96611111,35.12055556,
נס ציונה,7200,NES ZIYYONA,50456.0,Nes Ziyyona,31.93333333,34.8,
נעורים,186,NE'URIM,404.0,Ne'urim,32.37416667,34.86194444,
נעלה,3787,NA'ALE,2608.0,Na'ale,31.9625,35.06416667,
"נעמ""ה",3713,NA'AMA,197.0,Na'ama,31.90638889,35.46722222,
נען,158,NA'AN,1771.0,Na'an,31.88361111,34.85777778,
נערן,3620,NA'ARAN,104.0,Na'aran,31.89361111,35.42444444,
נפת בית לחם,1982,,,,,,
"נפת בית לחם מ""א 76",1981,,,,,,
נפת ג'נין,1971,,,,,,
"נפת ג'נין מ""א 72",1970,,,,,,
נפת חברון,1984,,,,,,
"נפת חברון מ""א 78",1983,,,,,,
נפת טול כרם,1975,,,,,,
נפת ירדן,1980,,,,,,
"נפת ירדן מ""א 74",1978,,,,,,
"נפת ירדן מ""א 75",1979,,,,,,
נפת ראמאללה,1977,,,,,,
"נפת ראמאללה מ""א 73",1974,,,,,,
"נפת ראמאללה מ""א 73",1976,,,,,,
נפת שכם,1973,,,,,,
"נפת שכם מ""א 72",1972,,,,,,
נצאצרה (שבט),1041,NASASRA,,An-Nasasira,,,
נצר חזני,1372,NEZER HAZZANI,544.0,Nezer Hazzani,31.82111111,34.86305556,
נצר סרני,435,NEZER SERENI,946.0,Nezer Sereni,31.9225,34.82222222,
נצרת,7300,NAZARETH,77925.0,Nazareth,32.70194444,35.30333333,
נשר,2500,NESHER,23759.0,Nesher,32.77111111,35.03944444,
נתיב הגדוד,3555,NETIV HAGEDUD,220.0,Netiv HaGedud,31.98833333,35.44472222,
"נתיב הל""ה",693,NETIV HALAMED-HE,670.0,Netiv HaLamed-He,,,
נתיב העשרה,1242,NETIV HAASARA,900.0,Netiv Haasara,31.57083333,34.53944444,
נתיב השיירה,792,NETIV HASHAYYARA,507.0,Netiv HaShayyara,32.99472222,35.13666667,
נתיבות,246,NETIVOT,42039.0,Netivot,31.41666667,34.58333333,
נתניה,7400,NETANYA,224066.0,Netanya,32.32861111,34.85666667,
סאג'ור,525,SAJUR,4425.0,Sajur,32.93977778,35.34155556,
סאסא,578,SASA,411.0,Sasa,33.02722222,35.39472222,
סביון*,587,SAVYON,4051.0,Savyon,32.04666667,34.87722222,
סגולה,2046,SEGULLA,737.0,Segulla,31.67027778,34.77972222,
סואעד (חמרייה)*,942,SAWA'ID(HAMRIYYE),198.0,Sawa'id(Hamriyye),32.767286, 35.168502,סואעד חמרייה
סואעד (כמאנה) (שבט),989,SAWA'ID (KAMANE),,Sawa'id (Al-Kammana),,,
סולם,526,SULAM,2661.0,Sulam,32.60555556,35.33444444,
סוסיה,3756,SUSEYA,1376.0,Suseya,31.39194444,35.11222222,סוסיא
סופה,1238,SUFA,227.0,Sufa,31.237222222222226,34.342222222222226,
סח'נין,7500,SAKHNIN,32744.0,Sakhnin,32.86666667,35.3,סכנין
סייד (שבט),1170,SAYYID,,Sayyid,,,
סלמה,1245,SALLAMA,3478.0,Sallama,32.89444444,35.37055556,
סלעית,3567,SAL'IT,1426.0,Sal'it,32.2425,35.05194444,
סמר,1156,SAMAR,270.0,Samar,29.832355,35.02255,
סנסנה,3777,SANSANA,665.0,Sansana,31.36194444,34.90277778,
סעד,419,SA'AD,846.0,Sa'ad,31.47027778,34.535,
סעוה,1360,SA'WA,2149.0,Sa'Wa,,,
סער,454,SA'AR,910.0,Sa'ar,33.02861111,35.10972222,
ספיר,1176,SAPPIR,503.0,Sappir,30.61388889,35.18416667,
סתרייה,610,SITRIYYA,1092.0,Sitriyya,31.88833333,34.84583333,
ע'ג'ר,4501,GHAJAR,2745.0,Ghajar,33.27277778,35.62305556,רגר
עבדון,892,AVDON,685.0,Avdon,33.04833333,35.18055556,
עברון,376,EVRON,863.0,Evron,32.99166667,35.1,
עגור,794,AGUR,552.0,Agur,31.697777777777777,34.91222222222222,
עד הלום,1762,,,,,,
עדי,1199,ADI,1868.0,Adi,32.78222222,35.17361111,
עדנים,2035,ADANIM,509.0,Adanim,32.14083333,34.90722222,
עוזה,826,UZA,407.0,Uza,31.59333333,34.76444444,
עוזייר,528,UZEIR,3432.0,Uzeir,32.79222222,35.33083333,
עולש,737,OLESH,1184.0,Olesh,32.3325,34.98527778,
עומר,666,OMER,7656.0,Omer,31.26833333333333,34.85027777777778,
עופר,810,OFER,660.0,Ofer,32.62277778,34.98222222,
עוצם,32,OZEM,753.0,Ozem,31.63694444,34.70388889,
עוקבי (בנו עוקבה) (שבט),957,UQBI (BANU UQBA),,Al-'Ukbi,,,
עזוז,328,EZUZ,82.0,Ezuz,30.79166667,34.4725,
עזר,1149,EZER,810.0,Ezer,31.73666667,34.67083333,
עזריאל,837,AZRI'EL,872.0,Azri'el,32.26222222,34.97111111,
עזריה,711,AZARYA,1238.0,Azarya,31.88916667,34.90972222,
עזריקם,817,AZRIQAM,1530.0,Azriqam,31.75027778,34.69583333,
עטאוונה (שבט),969,ATAWNE,,Al-'Atawina,,,
עטרת,3658,ATERET,954.0,Ateret,31.99972222,35.17694444,
עידן,1175,IDDAN,407.0,Iddan,30.80555556,35.30027778,
עידן הנגב,1765,,,,,,
עיילבון,530,EILABUN,5812.0,Eilabun,32.83833333,35.40083333,
עיינות,156,AYANOT,408.0,Ayanot,31.91583333,34.76805556,
עילוט,511,ILUT,8653.0,Ilut,32.71666667,35.2625,
עין איילה,687,EN AYYALA,1159.0,En Ayyala,32.62916667,34.94555556,
עין אל -אסד,546,EIN AL-ASAD,903.0,Ein Al-Asad,32.94111111,35.39638889,
עין גב,273,EN GEV,670.0,En Gev,32.78277778,35.63972222,
עין גדי,2042,EN GEDI,588.0,En Gedi,31.46666667,35.39388889,
עין דור,436,EN DOR,1054.0,En Dor,32.65611111,35.41722222,
עין הבשור,1240,EN HABESOR,1113.0,En HaBesor,31.28222222,34.45027778,
עין הוד,74,EN HOD,666.0,En Hod,32.70138889,34.98,
עין החורש,167,EN HAHORESH,854.0,En HaHoresh,32.38583333,34.93972222,
עין המפרץ,289,EN HAMIFRAZ,1258.0,En HaMifraz,32.90333333,35.09666667,
"עין הנצי""ב",383,EN HANAZIV,621.0,En HaNaziv,32.47027778,35.50166667,עין הנציב
עין העמק,367,EN HAEMEQ,829.0,En HaEmeq,32.62888889,35.08472222,
עין השופט,270,EN HASHOFET,882.0,En HaShofet,32.59583333,35.10027778,
עין השלושה,676,EN HASHELOSHA,369.0,En HaShelosha,31.35138889,34.40166667,
עין ורד,157,EN WERED,1567.0,En Wered,32.26555556,34.93333333,
עין זיוון,4503,EN ZIWAN,426.0,En Ziwan,33.09638889,35.79638889,
עין חוד,1320,EIN HOD,318.0,Ein Hod,32.70138889,34.98,
עין חצבה,1053,EN HAZEVA,,En Hazeva,,,
עין חרוד (איחוד),89,EN HAROD (IHUD),540.0,En Harod (Ihud),,,עין חרוד איחוד
עין חרוד (מאוחד),82,EN HAROD(ME'UHAD),780.0,En Harod(Me'uhad),,,עין חרוד
עין יהב,806,EN YAHAV,803.0,En Yahav,30.65861111,35.23666667,
עין יעקב,813,EN YA'AQOV,1215.0,En Ya'aqov,33.01027778,35.22916667,
"עין כרם -בי""ס חקלאי",1056,EN KAREM-B.S.HAQLA'I,164.0,En Karem-B.S.Haqla'i,,,עין כרם
עין כרמל,426,EN KARMEL,930.0,En Karmel,32.67583333,34.95333333,
עין מאהל,532,EIN MAHEL,13748.0,Ein Mahel,32.72305556,35.35222222,
עין נקובא,521,EIN NAQQUBA,3680.0,Ein Naqquba,31.79333333,35.11833333,
עין עירון,223,EN IRON,587.0,En Iron,32.4825,35.00944444,
עין צורים,622,EN ZURIM,861.0,En Zurim,31.69472222,34.71861111,
עין קנייא,4502,EIN QINIYYE,2172.0,Ein Qiniyye,33.23694444,35.73083333,
עין ראפה,514,EIN RAFA,1276.0,Ein Rafa,31.79055556,35.11638889,
עין שמר,139,EN SHEMER,635.0,En Shemer,32.46138889,35.00666667,
עין שריד,880,EN SARID,1648.0,En Sarid,32.27416667,34.93388889,
עין תמר,1251,EN TAMAR,198.0,En Tamar,30.94194444,35.37194444,
עינת,871,ENAT,842.0,Enat,32.0825,34.93916667,
עיר אובות,1187,IR OVOT,,Ir Ovot,,,
עכו,7600,AKKO,49615.0,Akko,32.92777778,35.08166667,
עלומים,1146,ALUMIM,531.0,Alumim,31.45166667,34.51361111,
עלי,3765,ELI,4613.0,Eli,32.07277777777778,35.26694444444444,
עלי זהב,3727,ALE ZAHAV,4279.0,Ale Zahav,32.07166667,35.06416667,
עלמה,688,ALMA,705.0,Alma,33.051111111111105,35.499722222222225,
עלמון,3715,ALMON,1441.0,Almon,31.83055556,35.29527778,
עמוקה,1212,AMUQQA,158.0,Amuqqa,32.99777778,35.52388889,
עמיחי,3824,AMMIHAY,238.0,Ammihay,32.04583333,35.32777778,
עמינדב,779,AMMINADAV,1119.0,Amminadav,31.75138889,35.1425,
עמיעד,385,AMMI'AD,483.0,Ammi'ad,32.92833333,35.54083333,
עמיעוז,318,AMMI'OZ,208.0,Ammi'oz,31.24833333,34.41416667,
עמיקם,773,AMMIQAM,740.0,Ammiqam,32.56361111,35.02083333,
עמיר,319,AMIR,600.0,Amir,33.17805556,35.62027778,
עמנואל,3660,IMMANU'EL,4372.0,Immanu'el,32.16166667,35.13694444,
"עמק בית שאן מ""א 7",1824,,,,,,
"עמק בית שאן של""ש",1825,,,,,,
"עמק חולה מ""א 1",1806,,,,,,
"עמק חולה מ""א 55",1807,,,,,,
"עמק חולה של""ש",1808,,,,,,
"עמק חפר מזרח מ""א 16",1875,,,,,,
"עמק חרוד מ""א 8",1826,,,,,,
"עמק חרוד של""ש",1827,,,,,,
"עמק יזרעאל מ""א 13",1834,,,,,,
"עמק יזרעאל מ""א 8",1832,,,,,,
"עמק יזרעאל מ""א 9",1833,,,,,,
עמקה,708,AMQA,822.0,Amqa,32.97944444,35.16333333,
ענב,3712,ENAV,983.0,Enav,32.28444444,35.12611111,עינב
עספיא,534,ISIFYA,12746.0,Isifya,32.71944444,35.06333333,עוספיה
עפולה,7700,AFULA,59076.0,Afula,32.60638889,35.28805556,
עפרה,3617,OFRA,3025.0,Ofra,31.95555556,35.26027778,
עץ אפרים,3778,EZ EFRAYIM,2518.0,Ez Efrayim,32.11888889,35.04666667,
עצמון שגב,917,ATSMON SEGEV,1204.0,Atsmon Segev,32.86638889,35.25138889,
עראבה,531,ARRABE,26641.0,Arrabe,32.85166667,35.33805556,
עראמשה*,1246,ARAMSHA,1724.0,Aramsha,33.09,35.22861111,ערב אל עראמשה
ערב אל נעים,1335,ARAB AL NAIM,848.0,Arab Al Naim,32.88805556,35.29027778,
ערד,2560,ARAD,27582.0,Arad,31.25888889,35.21388889,
ערוגות,593,ARUGOT,1145.0,Arugot,31.73472222,34.77083333,
ערערה,637,AR'ARA,25823.0,Ar'ara,32.49444444,35.09416667,
ערערה-בנגב,1192,AR'ARA-BANEGEV,19681.0,Ar'ara-BaNegev,31.15861111,35.02333333,ערערה בנגב
עשרת,591,ASERET,968.0,Aseret,31.82472222,34.74694444,
עתלית,53,ATLIT,10474.0,Atlit,32.69111111,34.94277778,
עתניאל,3748,OTNI'EL,994.0,Otni'el,31.43972222,35.02888889,
פארן,1151,PARAN,508.0,Paran,30.36333333,35.15555556,
"פארק הירדן מ""א 6",1961,,,,,,
פארק תעשיות ספירים,1763,,,,,,
פארק תעשיות עמק חפר,1745,,,,,,
פדואל,3768,PEDU'EL,2098.0,Pedu'el,32.0625,35.05194444,
פדויים,750,PEDUYIM,503.0,Peduyim,31.32722222,34.61111111,
פדיה,838,PEDAYA,827.0,Pedaya,31.8575,34.88369722,
פוריידיס,537,FUREIDIS,13571.0,Fureidis,32.59666667,34.95055556,
פורייה - כפר עבודה,1104,PORIYYA-KEFAR AVODA,379.0,Poriyya-Kefar Avoda,32.72,35.54638889,
פורייה - נווה עובד,1105,PORIYYA-NEWE OVED,1290.0,Poriyya-Newe Oved,32.74444444,35.53888889,פוריה
פורייה עילית,1313,PORIYYA ILLIT,1234.0,Poriyya Illit,32.73638889,35.54361111,
פורת,767,PORAT,1284.0,Porat,32.27638889,34.95027778,
פטיש,749,PATTISH,998.0,Pattish,31.32666667,34.56027778,
פלך,1185,PELEKH,196.0,Pelekh,32.93388889,35.23361111,
פלמחים,597,PALMAHIM,743.0,Palmahim,31.93333333,34.70638889,
פני חבר,3723,PENE HEVER,729.0,Pene Hever,31.48611111,35.16611111,
פסגות,3659,PESAGOT,2077.0,Pesagot,31.89916667,35.22388889,
פסוטה,535,FASSUTA,3236.0,Fassuta,33.04944444,35.30583333,
"פעמי תש""ז",2059,PA'AME TASHAZ,586.0,Pa'ame Tashaz,31.43916667,34.69277778,
פצאל,3615,PEZA'EL,361.0,Peza'el,32.04416667,35.44222222,
פקיעין (בוקייעה),536,PEQI'IN (BUQEI'A),6025.0,Peqi'in (Buqei'a),32.97305556,35.32666667,פקיעין
פקיעין חדשה,281,PEQI'IN HADASHA,577.0,Peqi'in Hadasha,32.98277778,35.32694444,פקיעין החדשה
פרדס חנה -כרכור,7800,PARDES HANNA-KARKUR,44210.0,Pardes Hanna-Karkur,32.47111111,34.9675,פרדס חנה
פרדסייה,171,PARDESIYYA,7252.0,Pardesiyya,32.30833333,34.90972222,
פרוד,599,PAROD,605.0,Parod,32.93222222,35.43388889,
פרזון,2053,PERAZON,361.0,Perazon,32.54472222,35.31166667,
פרי גן,1231,PERI GAN,252.0,Peri Gan,31.22111111,34.35444444,
פתח תקווה,7900,PETAH TIQWA,252270.0,Petah Tiqwa,32.08888889,34.88638889,פתח תקוה
פתחיה,839,PETAHYA,886.0,Petahya,31.8675,34.88722222,
צאלים,413,ZE'ELIM,470.0,Ze'elim,31.20361111,34.535,
צביה,1180,ZVIYYA,327.0,Zviyya,32.88944444,35.33138889,
צבעון,1213,ZIV'ON,338.0,Ziv'on,33.02611111,35.41583333,
צובה,465,ZOVA,623.0,Zova,31.78416667,35.11972222,
צוחר,1136,ZOHAR,475.0,Zohar,31.23638889,34.42583333,
צופייה,1111,ZOFIYYA,,Zofiyya,,,
צופים,3791,ZUFIM,2489.0,Zufim,32.19805556,35.00916667,
צופית,198,ZOFIT,1326.0,Zofit,32.19305556,34.92138889,
צופר,1150,ZOFAR,464.0,Zofar,30.559722222222224,35.18111111111111,
צוקי ים,1102,ZUQI YAM,301.0,Zuqi Yam,32.36027778,34.86083333,
צוקים,1262,ZUQIM,346.0,Zuqim,30.49083333,35.16666667,
צור הדסה,1113,ZUR HADASSA,11929.0,Zur Hadassa,31.7175,35.09388889,
צור יצחק,1345,ZUR YIZHAQ,6855.0,Zur Yizhaq,32.24111111,34.9975,
צור משה,276,ZUR MOSHE,3264.0,Zur Moshe,32.29805556,34.91388889,
צור נתן,1148,ZUR NATAN,298.0,Zur Natan,32.24027778,35.01166667,
צוריאל,774,ZURI'EL,392.0,Zuri'el,33.00722222,35.31305556,
צורית,1221,ZURIT,943.0,Zurit,32.90194444,35.25055556,
ציפורי,613,ZIPPORI,1013.0,Zippori,32.74555556,35.27861111,
צלפון,796,ZELAFON,1081.0,Zelafon,31.80361111,34.93277778,
צנדלה,636,SANDALA,1678.0,Sandala,32.52277778,35.32333333,
צפרייה,594,ZAFRIYYA,1035.0,Zafriyya,32.00333333,34.85583333,
צפרירים,1079,ZAFRIRIM,416.0,Zafririm,31.66027778,34.9425,
צפת,8000,ZEFAT,37473.0,Zefat,32.96583333,35.49833333,
צרופה,612,ZERUFA,1151.0,Zerufa,32.64861111,34.945,
צרעה,567,ZOR'A,947.0,Zor'a,31.76194444,34.96666667,
קבועה (שבט),1234,QABBO'A,,Kabbu'a,,,
קבוצת יבנה,334,QEVUZAT YAVNE,957.0,Qevuzat Yavne,31.81527778,34.72027778,
קדומים,3557,QEDUMIM,4590.0,Qedumim,32.21555,35.15834167,
קדימה -צורן,195,QADIMA-ZORAN,22919.0,Qadima- Zoran,32.27972222,34.91,קדימה
קדמה,392,QEDMA,,Qedma,,,
קדמת צבי,4025,QIDMAT ZEVI,537.0,Qidmat Zevi,33.03027778,35.69888889,
קדר,3781,QEDAR,1617.0,Qedar,,,קידר
קדרון,615,QIDRON,1615.0,Qidron,31.81555556,34.79638889,
קדרים,1211,QADDARIM,293.0,Qaddarim,32.89833333,35.47416667,
קודייראת א-צאנע (שבט),964,QUDEIRAT AS-SANI,,Kudayrat as-Sani',,,
קוואעין (שבט),972,QAWA'IN,,Kawa'in,,,
קוממיות,766,QOMEMIYYUT,555.0,Qomemiyyut,31.66194444,34.73055556,
קורנית,1179,QORANIT,915.0,Qoranit,32.84416667,35.25222222,
קטורה,1052,QETURA,507.0,Qetura,29.96972222,35.06111111,
קיסריה,1167,QESARYYA,5782.0,Qesaryya,32.50111111,34.89222222,
קלחים,414,QELAHIM,679.0,Qelahim,31.44611111,34.67777778,
קליה,3601,QALYA,489.0,Qalya,31.74861111,35.46611111,
קלנסווה,638,QALANSAWE,23877.0,Qalansawe,32.28222222,34.98333333,
קלע,4024,QELA,390.0,Qela,33.13194444,35.68638889,
קציר,1243,QAZIR,2934.0,Qazir,32.48805556,35.10194444,
קצר א -סר,1347,QASR A-SIR,2731.0,Qasr A-Sir,31.08305556,34.97861111,קצר
קצרין,4100,QAZRIN,7606.0,Qazrin,32.99194444,35.69111111,
קריית אונו,2620,QIRYAT ONO,41900.0,Qiryat Ono,32.06361111,34.85527778,
קריית ארבע,3611,QIRYAT ARBA,7498.0,Qiryat Arba,31.52833333,35.11861111,
קריית אתא,6800,QIRYAT ATTA,60101.0,Qiryat Atta,32.8,35.1,
קריית ביאליק,9500,QIRYAT BIALIK,43268.0,Qiryat Bialik,32.83333333,35.08333333,
קריית גת,2630,QIRYAT GAT,60581.0,Qiryat Gat,31.60611111,34.77166667,
קריית חינוך מרחבים*,1768,,,,,,
קריית טבעון,2300,QIRYAT TIV'ON,18520.0,Qiryat Tiv'on,32.72388889,35.12722222,
קריית ים,9600,QIRYAT YAM,39442.0,Qiryat Yam,32.83333333,35.06666667,
קריית יערים,1137,QIRYAT YE'ARIM,6471.0,Qiryat Ye'arim,31.80333333,35.1,
קריית יערים (מוסד),2039,QIRYAT YE'ARIM(INSTITUTE),169.0,Qiryat Ye'arim(Institute),31.811649, 35.104218,מוסד קריית יערים
קריית מוצקין,8200,QIRYAT MOTZKIN,46565.0,Qiryat Motzkin,32.83333333,35.08333333,
קריית מלאכי,1034,QIRYAT MAL'AKHI,25021.0,Qiryat Mal'akhi,31.72916667,34.74611111,
קריית נטפים,3746,QIRYAT NETAFIM,991.0,Qiryat Netafim,32.11611111,35.11361111,
קריית ענבים,78,QIRYAT ANAVIM,456.0,Qiryat Anavim,31.81083333,35.12,
קריית עקרון,469,QIRYAT EQRON,11051.0,Qiryat Eqron,31.86096667,34.82305556,
קריית שלמה,412,QIRYAT SHELOMO,207.0,Qiryat Shelomo,32.23416667,34.86138889,
קריית שמונה,2800,QIRYAT SHEMONA,22336.0,Qiryat Shemona,33.2075,35.56972222,
קרית חינוך עזתה,1766,,,,,,
קרית תעופה,1746,,,,,,
קרני שומרון,3640,QARNE SHOMERON,9662.0,Qarne Shomeron,32.17166667,35.09777778,
קשת,4006,QESHET,863.0,Qeshet,32.980000000000004,35.808611111111105,
ראמה,543,RAME,7789.0,Rame,32.93833333333333,35.36694444444444,
ראס אל -עין,1334,RAS AL-EIN,410.0,Ras Al-Ein,32.91666667,35.37277778,
ראס עלי,990,RAS ALI,656.0,Ras Ali,32.77222222,35.15527778,
ראש העין,2640,ROSH HAAYIN,71651.0,Rosh HaAyin,32.09555556,34.95666667,
ראש פינה,26,ROSH PINNA,3236.0,Rosh Pinna,32.97,35.54222222,
ראש צורים,3602,ROSH ZURIM,948.0,Rosh Zurim,31.66694444,35.12555556,
ראשון לציון,8300,RISHON LEZIYYON,257129.0,Rishon LeZiyyon,31.95,34.8,
רבבה,3795,REVAVA,2908.0,Revava,32.11888889,35.12861111,
רבדים,564,REVADIM,825.0,Revadim,31.77361111,34.81694444,
רביבים,354,REVIVIM,1094.0,Revivim,31.04361111,34.72111111,
רביד,1225,RAVID,143.0,Ravid,32.85055556,35.46277778,
רגבה,390,REGBA,1102.0,Regba,32.97666667,35.09888889,
רגבים,444,REGAVIM,528.0,Regavim,32.52388889,35.03444444,
רהט,1161,RAHAT,76238.0,Rahat,31.3925,34.75444444,
רווחה,2051,REWAHA,567.0,Rewaha,31.64888889,34.73305556,
רוויה,2016,REWAYA,444.0,Rewaya,32.448611111111106,35.473333333333336,
רוח מדבר,1341,RUAH MIDBAR,68.0,Ruah Midbar,30.98166667,34.73333333,
רוחמה,362,RUHAMA,751.0,Ruhama,31.49666667,34.70555556,
רומאנה,539,RUMMANE,1262.0,Rummane,32.78805556,35.31055556,
רומת הייב,997,RUMAT HEIB,2154.0,Rumat Heib,32.7775,35.30722222,
רועי,3619,RO'I,171.0,Ro'i,32.24722222,35.48888889,
רותם,3782,ROTEM,262.0,Rotem,32.336666666666666,35.51833333333333,
רחוב,854,REHOV,406.0,Rehov,32.45083333,35.48972222,
רחובות,8400,REHOVOT,147878.0,Rehovot,31.89694444,34.81666667,
רחלים,3822,REHELIM,975.0,Rehelim,32.10277778,35.25722222,
ריחאנייה,540,REIHANIYYE,1228.0,Reihaniyye,33.04833333,35.4875,
ריחן,3568,REHAN,384.0,Rehan,32.46944444444445,35.13611111111111,
ריינה,542,REINE,19266.0,Reine,67.9325,13.08861111,
רימונים,3565,RIMMONIM,715.0,Rimmonim,31.93416667,35.34,
רינתיה,616,RINNATYA,1192.0,Rinnatya,32.04361111,34.92777778,
רכסים,922,REKHASIM,13736.0,Rekhasim,32.74882778,35.10080278,
רם -און,1069,RAM-ON,984.0,Ram-On,32.52638889,35.25944444,
רמות,4702,RAMOT,544.0,Ramot,32.85055555555556,35.666666666666664,
רמות השבים,206,RAMOT HASHAVIM,1695.0,Ramot HaShavim,32.16888889,34.8875,
רמות מאיר,735,RAMOT ME'IR,755.0,Ramot Me'ir,31.87416667,34.85527778,
רמות מנשה,445,RAMOT MENASHE,1232.0,Ramot Menashe,32.59666667,35.05722222,
רמות נפתלי,372,RAMOT NAFTALI,545.0,Ramot Naftali,33.10166667,35.55333333,
רמלה,8500,RAMLA,77798.0,Ramla,31.9275,34.8625,
רמת גן,8600,RAMAT GAN,169706.0,Ramat Gan,32.07,34.82361111,
רמת דוד,135,RAMAT DAWID,542.0,Ramat Dawid,32.67861111,35.20388889,
רמת הכובש,184,RAMAT HAKOVESH,1184.0,Ramat HaKovesh,32.2175,34.93805556,
רמת השופט,335,RAMAT HASHOFET,1166.0,Ramat HaShofet,32.61083333,35.095,
רמת השרון,2650,RAMAT HASHARON,47969.0,Ramat HaSharon,32.15,34.83333333,
רמת יוחנן,178,RAMAT YOHANAN,1030.0,Ramat Yohanan,32.79277778,35.12138889,
רמת ישי,122,RAMAT YISHAY,8070.0,Ramat Yishay,32.70333333,35.165,
"רמת כוכב מ""א 7",1828,,,,,,
"רמת כוכב מ""א 8",1829,,,,,,
"רמת כוכב מ""א 9",1830,,,,,,
"רמת כוכב של""ש",1831,,,,,,
רמת מגשימים,4701,RAMAT MAGSHIMIM,784.0,Ramat Magshimim,32.84611111,35.80861111,
"רמת מנשה מ""א 13",1837,,,,,,
"רמת מנשה של""ש",1838,,,,,,
רמת צבי,339,RAMAT ZEVI,764.0,Ramat Zevi,32.59027778,35.41444444,
רמת רזיאל,460,RAMAT RAZI'EL,662.0,Ramat Razi'el,31.77388889,35.07277778,
רמת רחל,127,RAMAT RAHEL,557.0,Ramat Rahel,31.74,35.21888889,
רנן,789,RANNEN,717.0,Rannen,31.33805556,34.60111111,
רעים,713,RE'IM,433.0,Re'im,31.38611111,34.46027778,
רעננה,8700,RA'ANNANA,78561.0,Ra'annana,32.18333333,34.86666667,
רקפת,1228,RAQQEFET,1057.0,Raqqefet,32.85472222,35.26555556,
רשפון,247,RISHPON,1484.0,Rishpon,32.20194444,34.82333333,
רשפים,437,RESHAFIM,1200.0,Reshafim,32.48138889,35.47722222,
רתמים,1260,RETAMIM,608.0,Retamim,31.05361111,34.69,
שאר ישוב,324,SHE'AR YASHUV,630.0,She'ar Yashuv,33.22638889,35.64666667,
שבי דרום,1377,SHAVE DAROM,405.0,Shave Darom,31.46583333,34.63861111,
שבי ציון,282,SHAVE ZIYYON,1270.0,Shave Ziyyon,32.97972222,35.08222222,
שבי שומרון,3571,SHAVE SHOMERON,1050.0,Shave Shomeron,32.26416667,35.185,
שבלי - אום אל -גנם,913,SHIBLI-UMM AL-GHANAM,6279.0,Shibli-Umm Al-Ghanam,32.68416667,35.39694444,שיבלי
שגב-שלום,1286,SEGEV-SHALOM,11865.0,Segev-Shalom,31.19722222,34.83833333,שגב שלום
שדה אילן,721,SEDE ILAN,658.0,Sede Ilan,32.74833333,35.42333333,
שדה אליהו,304,SEDE ELIYYAHU,694.0,Sede Eliyyahu,32.44027778,35.515,
שדה אליעזר,861,SEDE ELI'EZER,842.0,Sede Eli'ezer,33.04527778,35.56388889,
שדה בוקר,885,SEDE BOQER,469.0,Sede Boqer,30.87361111,34.79305556,
שדה דוד,36,SEDE DAWID,632.0,Sede Dawid,31.57694444,34.68388889,
שדה ורבורג,284,SEDE WARBURG,1436.0,Sede Warburg,32.20361111,34.90722222,
שדה יואב,293,SEDE YO'AV,594.0,Sede Yo'av,31.64583333,34.67666667,
שדה יעקב,142,SEDE YA'AQOV,1095.0,Sede Ya'aqov,32.69666667,35.14111111,
שדה יצחק,2008,SEDE YIZHAQ,736.0,Sede Yizhaq,32.40388889,34.99444444,
שדה משה,18,SEDE MOSHE,780.0,Sede Moshe,31.61055556,34.80222222,
שדה נחום,259,SEDE NAHUM,992.0,Sede Nahum,32.52527778,35.48166667,
שדה נחמיה,329,SEDE NEHEMYA,1272.0,Sede Nehemya,33.18666667,35.6225,
שדה ניצן,1058,SEDE NIZZAN,387.0,Sede Nizzan,31.22916667,34.42,
שדה עוזיהו,739,SEDE UZZIYYAHU,1586.0,Sede Uzziyyahu,31.75611111,34.67694444,
שדה צבי,2049,SEDE ZEVI,688.0,Sede Zevi,31.44888889,34.7125,
שדות ים,327,SEDOT YAM,1127.0,Sedot Yam,32.49083333,34.89277778,
שדות מיכה,27,SEDOT MIKHA,390.0,Sedot Mikha,31.72138889,34.92083333,
שדי אברהם,1223,SEDE AVRAHAM,367.0,Sede Avraham,31.21277778,34.33638889,
שדי חמד,2015,SEDE HEMED,953.0,Sede Hemed,32.16,34.94277778,
שדי תרומות,2057,SEDE TERUMOT,478.0,Sede Terumot,32.44027778,35.48611111,
שדמה,555,SHEDEMA,586.0,Shedema,31.83027778,34.74111111,
שדמות דבורה,306,SHADMOT DEVORA,687.0,Shadmot Devora,32.69722222,35.43388889,
שדמות מחולה,3578,SHADMOT MEHOLA,677.0,Shadmot Mehola,32.34833333,35.53333333,
שדרות,1031,SEDEROT,30553.0,Sederot,31.52277778,34.59527778,
שואבה,741,SHO'EVA,601.0,Sho'eva,31.79833333,35.07805556,
שובה,761,SHUVA,722.0,Shuva,31.45111111,34.545,
שובל,394,SHOVAL,870.0,Shoval,31.41277778,34.74277778,
שוהם,1304,SHOHAM,21441.0,Shoham,31.99972222,34.94611111,
שומרה,614,SHOMERA,366.0,Shomera,33.08277778,35.28416667,
שומרייה,1265,SHOMERIYYA,828.0,Shomeriyya,31.43194444,34.885,
שוקדה,415,SHOQEDA,634.0,Shoqeda,31.42222222,34.52472222,
שורש,456,SHORESH,1176.0,Shoresh,31.79666667,35.06527778,
שורשים,1235,SHORASHIM,566.0,Shorashim,32.89222222,35.2575,
שושנת העמקים,224,SHOSHANNAT HAAMAQIM,492.0,Shoshannat HaAmaqim,32.35416666666667,34.856944444444444,
שזור,527,SHEZOR,315.0,Shezor,32.93333333,35.35277778,
שחר,7,SHAHAR,880.0,Shahar,31.619722222222222,34.72527777777778,
שחרות,1266,SHAHARUT,179.0,Shaharut,29.90472222,34.99972222,
שיבולים,865,SHIBBOLIM,291.0,Shibbolim,31.39583333,34.60777778,
שיזף,1378,SHEZAF,99.0,Shezaf,31.00166667,34.76555556,
שיטים,1267,SHITTIM,,Shittim,,,
שייח' דנון,658,SHEIKH DANNUN,2983.0,Sheikh Dannun,32.99166667,35.14777778,
שילה,3641,SHILO,4783.0,Shilo,32.05222222222222,35.300555555555555,
שילת,1165,SHILAT,788.0,Shilat,31.92027778,35.01861111,
שכניה,1160,SHEKHANYA,781.0,Shekhanya,32.84777778,35.24805556,
שלווה,873,SHALWA,586.0,Shalwa,31.56361111,34.76805556,
שלווה במדבר,1373,SHALVA BAMIDBAR,,Shalva Bamidbar,,,
שלוחות,439,SHELUHOT,457.0,Sheluhot,32.47194444,35.48111111,
שלומי,812,SHELOMI,7055.0,Shelomi,33.07583333,35.14888889,
שלומית,1364,SHLOMIT,443.0,Shlomit,31.16833333,34.30472222,
שלומציון,1793,,,,,,
שמיר,366,SHAMIR,911.0,Shamir,33.16611111111111,35.66027777777778,
שמעה,3784,SHIM'A,886.0,Shim'a,31.38777778,35.01277778,
שמרת,432,SHAMERAT,657.0,Shamerat,32.95111111,35.09555556,
שמשית,1337,SHIMSHIT,2481.0,Shimshit,32.73333333,35.24666667,שימשית
שני,1287,SHANI,571.0,Shani,,,
שניר,1132,SENIR,641.0,Senir,33.24166667,35.67777778,
שעב,538,SHA'AB,7381.0,Sha'ab,32.88944444,35.23861111,
שעל,4009,SHA'AL,316.0,Sha'al,33.11666667,35.71833333,
שעלבים,856,SHA'ALVIM,1886.0,Sha'alvim,31.86861111,34.98527778,
שער אפרים,661,SHA'AR EFRAYIM,1956.0,Sha'ar Efrayim,32.28861111,34.99805556,
שער הגולן,264,SHA'AR HAGOLAN,527.0,Sha'ar HaGolan,32.68638889,35.60333333,
שער העמקים,237,SHA'AR HAAMAQIM,770.0,Sha'ar HaAmaqim,32.72305556,35.11333333,
שער מנשה,921,SHA'AR MENASHE,511.0,Sha'ar Menashe,32.45,35.01666667,
שערי תקווה,3720,SHA'ARE TIQWA,6124.0,Sha'are Tiqwa,32.12277778,35.02694444,
שפיים,232,SHEFAYIM,1346.0,Shefayim,32.21722222,34.82444444,
שפיר,692,SHAFIR,910.0,Shafir,31.69666667,34.72861111,
"שפלת יהודה מ""א 26",1803,,,,,,
"שפלת יהודה של""ש",1804,,,,,,
שפר,846,SHEFER,435.0,Shefer,32.94388889,35.43611111,
שפרעם,8800,SHEFAR'AM,43023.0,Shefar'am,32.80555556,35.16944444,
שקד,3649,SHAQED,1081.0,Shaqed,32.47333333,35.16888889,
שקף,1233,SHEQEF,602.0,Sheqef,31.51527778,34.93611111,
שרונה,292,SHARONA,573.0,Sharona,32.72666667,35.46666667,
שריגים (לי-און),1114,SARIGIM (LI-ON),1045.0,Sarigim (Li-On),31.6775,34.935,שריגים
שריד,126,SARID,875.0,Sarid,32.66305556,35.22583333,
שרשרת,398,SHARSHERET,345.0,Sharsheret,31.404444444444444,34.60305555555556,
שתולה,1045,SHETULA,320.0,Shetula,33.08555556,35.31305556,
שתולים,763,SHETULIM,2121.0,Shetulim,31.77333333,34.68388889,
תאשור,2062,TE'ASHUR,459.0,Te'ashur,31.37222222,34.64388889,
תדהר,2061,TIDHAR,702.0,Tidhar,31.37916667,34.62944444,
תובל,1172,TUVAL,344.0,Tuval,32.92888889,35.24583333,
תומר,3558,TOMER,302.0,Tomer,32.01861111,35.43888889,
תושייה,1083,TUSHIYYA,859.0,Tushiyya,31.43333333,34.54027778,
תימורים,163,TIMMORIM,743.0,Timmorim,31.71527778,34.76,
תירוש,10,TIROSH,454.0,Tirosh,31.74972222,34.88638889,
תל אביב -יפו,5000,TEL AVIV - YAFO,467875.0,Tel Aviv - Yafo,32.08333333,34.78333333,תל אביב
תל חי (מכללה),1707,,,,,,
תל יוסף,84,TEL YOSEF,564.0,Tel Yosef,32.55638889,35.40111111,
תל יצחק,287,TEL YIZHAQ,822.0,Tel Yizhaq,32.2525,34.86916667,
תל מונד,154,TEL MOND,14179.0,Tel Mond,32.25333333,34.91805556,
תל עדשים,103,TEL ADASHIM,1527.0,Tel Adashim,32.65527778,35.30111111,
תל קציר,719,TEL QAZIR,500.0,Tel Qazir,32.70583333,35.61805556,
תל שבע,1054,TEL SHEVA,22187.0,Tel Sheva,31.24666667,34.85611111,
תל תאומים,1283,TEL TE'OMIM,603.0,Tel Te'omim,32.4425,35.49549722,
תלם,3719,TELEM,520.0,Telem,31.56444444,35.03083333,
תלמי אליהו,1051,TALME ELIYYAHU,321.0,Talme Eliyyahu,31.23166667,34.42888889,
תלמי אלעזר,2003,TALME EL'AZAR,950.0,Talme El'azar,32.44527778,34.97805556,
"תלמי ביל""ו",2050,TALME BILU,534.0,Talme Bilu,31.43805556,34.64527778,
תלמי יוסף,1237,TALME YOSEF,339.0,Talme Yosef,31.2,34.36416667,
תלמי יחיאל,727,TALME YEHI'EL,1021.0,Talme Yehi'el,31.75361111,34.76305556,
תלמי יפה,744,TALME YAFE,809.0,Talme Yafe,31.6175,34.61333333,
תלמים,814,TELAMIM,916.0,Telamim,31.56305556,34.66944444,
תמרת,1244,TIMRAT,1257.0,Timrat,32.70333333,35.225,
תנובות,2002,TENUVOT,846.0,Tenuvot,32.30555556,34.96277778,
תעוז,752,TA'OZ,648.0,Ta'oz,31.80194444,34.97583333,
תעשיון בינימין*,1744,,,,,,
תעשיון דלתון,1709,,,,,,
תעשיון השרון,1741,,,,,,
תעשיון חבל יבנה,1750,,,,,,
תעשיון חצב*,1742,,,,,,
תעשיון מבצע*,1754,,,,,,
תעשיון מיתרים,1794,,,,,,
תעשיון צריפין,1749,,,,,,
תעשיון ראם*,1755,,,,,,
"תעשיון שח""ק",1792,,,,,,
תעשיות גליל תחתון,1714,,,,,,
תפרח,709,TIFRAH,2231.0,Tifrah,31.32638889,34.67666667,
תקומה,665,TEQUMA,737.0,Tequma,31.44888889,34.5775,
תקוע,3563,TEQOA,4315.0,Teqoa,31.63638889,35.21444444,
תראבין א-צאנע (שבט),970,TARABIN AS-SANI,,Tarabin as-Sani',,,
תרבין א-צאנע (יישוב)*,1346,TARABIN AS-SANI,1239.0,Tarabin As-Sani,31.34555556,34.73694444,תרבין
תרום,778,TARUM,970.0,Tarum,31.78277778,34.98222222,
